,datelist,animal,variable,fram,lens
deet,20161029c1v4,1,V6,1610,15
deet,20161029c1v4,1,V12,1747,5
deet,20161029c1v4,2,V1,420,6
deet,20161029c1v4,3,V2,26,6
deet,20161029c1v4,3,V5,67,12
deet,20161029c1v4,3,V6,82,13
deet,20161029c1v4,3,V15,193,6
deet,20161029c1v4,3,V17,224,6
deet,20161029c1v4,3,V18,361,11
deet,20161029c1v4,3,V20,391,7
deet,20161029c1v4,3,V22,429,13
deet,20161029c1v4,3,V26,467,23
deet,20161029c1v4,3,V30,519,40
deet,20161029c1v4,3,V32,551,23
deet,20161029c1v4,3,V34,572,8
deet,20161029c1v4,3,V35,584,8
deet,20161029c1v4,3,V37,599,8
deet,20161029c1v4,3,V39,635,6
deet,20161029c1v4,3,V41,660,6
deet,20161029c1v4,3,V42,668,5
deet,20161029c1v4,3,V43,677,7
deet,20161029c1v4,3,V52,1233,11
deet,20161029c1v4,3,V54,1251,6
deet,20161029c1v4,3,V63,1356,6
deet,20161029c1v4,3,V64,1372,9
deet,20161029c1v4,3,V68,1393,5
deet,20161029c1v4,3,V72,1423,11
deet,20161029c1v4,3,V73,1448,23
deet,20161029c1v4,3,V76,1466,7
deet,20161029c1v4,3,V77,1476,8
deet,20161029c1v4,3,V80,1492,5
deet,20161029c1v4,3,V81,1507,9
deet,20161029c1v4,3,V84,1525,7
deet,20161029c1v4,3,V85,1536,5
deet,20161029c1v4,3,V86,1554,15
deet,20161029c1v4,3,V87,1592,36
deet,20161029c1v4,3,V90,1611,5
deet,20161029c1v4,3,V93,1627,5
deet,20161029c1v4,3,V96,1647,6
deet,20161029c1v4,3,V97,1661,12
deet,20161029c1v4,3,V98,1671,8
deet,20161029c1v4,3,V99,1684,11
deet,20161029c1v4,3,V100,1699,13
deet,20161029c1v4,3,V104,1726,7
deet,20161029c1v4,3,V107,1760,17
deet,20161029c1v4,3,V109,1786,21
deet,20161029c1v4,3,V111,1807,14
deet,20161029c1v4,3,V114,1823,8
deet,20161029c1v4,3,V117,1837,5
deet,20161029c1v4,3,V119,1853,11
deet,20161029c1v4,3,V121,1875,13
deet,20161029c1v4,3,V122,1887,7
deet,20161029c1v4,3,V125,1911,8
deet,20161029c1v4,3,V127,1943,11
deet,20161029c1v4,3,V128,1958,12
deet,20161029c1v4,3,V133,2040,5
deet,20161029c1v4,3,V136,2065,5
deet,20161029c1v4,3,V149,2755,6
deet,20161029c1v4,3,V160,2965,10
deet,20161029c1v4,3,V165,3049,5
deet,20161029c1v4,3,V166,3058,7
deet,20161029c1v4,3,V170,3125,5
deet,20161029c1v4,3,V171,3138,6
deet,20161029c1v4,3,V175,3170,20
deet,20161029c1v4,3,V179,3186,5
deet,20161029c1v4,3,V182,3201,5
deet,20161029c1v4,3,V183,3218,10
deet,20161029c1v4,3,V189,3250,7
deet,20161029c1v4,3,V192,3292,12
deet,20161029c1v4,3,V194,3310,13
deet,20161029c1v4,3,V196,3322,5
deet,20161029c1v4,3,V198,3348,19
deet,20161029c1v4,3,V201,3369,9
deet,20161029c1v4,3,V204,3397,15
deet,20161029c1v4,3,V206,3419,13
deet,20161029c1v4,3,V208,3432,8
deet,20161029c1v4,3,V209,3439,5
deet,20161029c1v4,3,V211,3460,15
deet,20161029c1v4,3,V213,3480,7
deet,20161029c1v4,3,V214,3492,10
deet,20161029c1v4,3,V215,3514,17
deet,20161029c1v4,3,V220,3574,8
deet,20161029c1v4,3,V221,3588,12
deet,20161029c1v4,3,V222,3596,6
deet,20161029c1v4,3,V227,3625,10
deet,20161029c1v4,3,V228,3632,5
deet,20161029c1v4,3,V229,3642,6
deet,20161029c1v4,3,V230,3652,7
deet,20161029c1v4,3,V233,3673,6
deet,20161029c1v4,3,V236,3696,7
deet,20161029c1v4,3,V237,3706,5
deet,20161029c1v4,3,V241,3738,17
deet,20161029c1v4,3,V243,3753,6
deet,20161029c1v4,3,V244,3768,5
deet,20161029c1v4,3,V247,3799,22
deet,20161029c1v4,3,V250,3816,7
deet,20161029c1v4,3,V251,3823,5
deet,20161029c1v4,3,V253,3848,17
deet,20161029c1v4,3,V254,3856,5
deet,20161029c1v4,3,V258,3878,8
deet,20161029c1v4,3,V259,3886,6
deet,20161029c1v4,3,V260,3898,5
deet,20161029c1v4,3,V261,3905,5
deet,20161029c1v4,3,V262,3914,7
deet,20161029c1v4,3,V265,3931,6
deet,20161029c1v4,3,V267,3942,6
deet,20161029c1v4,3,V268,3955,9
deet,20161029c1v4,3,V272,3989,13
deet,20161029c1v4,3,V273,4014,5
deet,20161029c1v4,3,V281,4184,5
deet,20161029c1v4,3,V316,4756,13
deet,20161029c1v4,3,V317,4884,18
deet,20161029c1v4,3,V320,4997,7
deet,20161029c1v4,3,V324,5234,28
deet,20161029c1v4,3,V328,5366,14
deet,20161029c1v4,3,V332,5446,5
deet,20161029c1v4,3,V333,5459,5
deet,20161029c1v4,3,V334,5470,8
deet,20161029c1v4,3,V338,5496,5
deet,20161029c1v4,3,V340,5607,21
deet,20161029c1v4,3,V341,5621,12
deet,20161029c1v4,3,V342,5651,8
deet,20161029c1v4,3,V352,5789,10
deet,20161029c1v4,3,V355,5814,9
deet,20161029c1v4,3,V362,5877,5
deet,20161029c1v4,3,V365,6003,9
deet,20161029c1v4,3,V367,6029,19
deet,20161029c1v4,3,V368,6062,30
deet,20161029c1v4,3,V369,6074,6
deet,20161029c1v4,3,V371,6088,5
deet,20161029c1v4,3,V373,6112,19
deet,20161029c1v4,3,V377,6133,5
deet,20161029c1v4,3,V382,6171,12
deet,20161029c1v4,3,V385,6197,7
deet,20161029c1v4,3,V392,6247,8
deet,20161029c1v4,3,V400,6288,9
deet,20161029c1v4,3,V401,6302,7
deet,20161029c1v4,3,V409,6362,7
deet,20161029c1v4,3,V413,6389,8
deet,20161029c1v4,3,V415,6404,6
deet,20161029c1v4,3,V416,6428,21
deet,20161029c1v4,3,V418,6453,10
deet,20161029c1v4,3,V420,6472,9
deet,20161029c1v4,3,V422,6502,17
deet,20161029c1v4,3,V425,6524,5
deet,20161029c1v4,3,V427,6540,10
deet,20161029c1v4,3,V428,6549,7
deet,20161029c1v4,3,V433,6575,5
deet,20161029c1v4,3,V438,6598,8
deet,20161029c1v4,3,V444,6649,14
deet,20161029c1v4,3,V445,6662,6
deet,20161029c1v4,3,V446,6675,11
deet,20161029c1v4,3,V448,6692,5
deet,20161029c1v4,3,V452,6732,13
deet,20161029c1v4,3,V455,6794,7
deet,20161029c1v4,3,V462,6890,7
deet,20161029c1v4,3,V465,6948,13
deet,20161029c1v4,3,V468,7007,42
deet,20161029c1v4,3,V469,7032,23
deet,20161029c1v4,3,V470,7043,9
deet,20161029c1v4,3,V471,7104,21
deet,20161029c1v4,3,V474,7149,29
deet,20161029c1v4,3,V475,7181,22
deet,20161029c1v4,3,V478,7288,80
deet,20161029c1v4,3,V480,7303,5
deet,20161029c1v4,3,V481,7345,40
deet,20161029c1v4,3,V482,7361,14
deet,20161029c1v4,3,V483,7374,6
deet,20161029c1v4,3,V484,7387,10
deet,20161029c1v4,3,V485,7397,6
deet,20161029c1v4,3,V489,7430,5
deet,20161029c1v4,3,V493,7488,12
deet,20161029c1v4,3,V496,7510,5
deet,20161029c1v4,3,V508,7593,9
deet,20161029c1v4,3,V509,7606,11
deet,20161029c1v4,3,V510,7615,5
deet,20161029c1v4,3,V511,7624,6
deet,20161029c1v4,3,V512,7649,8
deet,20161029c1v4,3,V514,7670,12
deet,20161029c1v4,3,V516,7710,21
deet,20161029c1v4,3,V517,7727,13
deet,20161029c1v4,3,V518,7739,10
deet,20161029c1v4,3,V522,7778,10
deet,20161029c1v4,3,V523,7787,7
deet,20161029c1v4,3,V525,7816,10
deet,20161029c1v4,3,V529,7846,10
deet,20161029c1v4,3,V535,7897,15
deet,20161029c1v4,3,V538,7913,6
deet,20161029c1v4,3,V539,7927,6
deet,20161029c1v4,3,V541,7948,13
deet,20161029c1v4,3,V542,7961,10
deet,20161029c1v4,3,V543,7976,8
deet,20161029c1v4,3,V548,8033,11
deet,20161029c1v4,3,V557,8120,13
deet,20161029c1v4,3,V560,8146,9
deet,20161029c1v4,3,V564,8191,5
deet,20161029c1v4,3,V572,8256,5
deet,20161029c1v4,3,V573,8284,6
deet,20161029c1v4,3,V582,8348,9
deet,20161029c1v4,3,V584,8364,11
deet,20161029c1v4,3,V587,8380,6
deet,20161029c1v4,3,V602,8532,6
deet,20161029c1v4,3,V604,8558,8
deet,20161029c1v4,3,V608,8607,5
deet,20161029c1v4,3,V611,8644,14
deet,20161029c1v4,3,V613,8667,5
deet,20161029c1v4,3,V621,8742,5
deet,20161029c1v4,3,V623,8777,7
deet,20161029c1v4,3,V633,8899,10
deet,20161029c1v4,3,V641,8973,9
deet,20161029c1v4,3,V645,9063,7
deet,20161029c1v4,3,V650,9120,6
deet,20161029c1v4,3,V670,9335,6
deet,20161029c1v4,3,V671,9343,6
deet,20161029c1v4,3,V683,9510,11
deet,20161029c1v4,3,V684,9541,9
deet,20161029c1v4,3,V688,9585,6
deet,20161029c1v4,3,V696,9633,6
deet,20161029c1v4,3,V699,9662,5
deet,20161029c1v4,3,V709,9714,6
deet,20161029c1v4,3,V715,9753,8
deet,20161029c1v4,3,V717,9774,6
deet,20161029c1v4,3,V721,9826,5
deet,20161029c1v4,3,V735,9932,11
deet,20161029c1v4,3,V739,9961,5
deet,20161029c1v4,3,V743,10022,21
deet,20161029c1v4,3,V745,10039,6
deet,20161029c1v4,3,V746,10059,15
deet,20161029c1v4,3,V752,10117,20
deet,20161029c1v4,3,V755,10150,22
deet,20161029c1v4,3,V757,10178,23
deet,20161029c1v4,3,V758,10230,49
deet,20161029c1v4,3,V760,10275,40
deet,20161029c1v4,3,V761,10288,11
deet,20161029c1v4,3,V762,10349,59
deet,20161029c1v4,3,V764,10379,13
deet,20161029c1v4,3,V767,10399,7
deet,20161029c1v4,3,V768,10408,6
deet,20161029c1v4,3,V770,10446,28
deet,20161029c1v4,3,V777,10522,8
deet,20161029c1v4,3,V780,10550,10
deet,20161029c1v4,3,V781,10559,7
deet,20161029c1v4,3,V785,10601,5
deet,20161029c1v4,3,V790,10643,14
deet,20161029c1v4,3,V791,10684,39
deet,20161029c1v4,3,V793,10706,10
deet,20161029c1v4,3,V794,10715,5
deet,20161029c1v4,3,V795,10745,28
deet,20161029c1v4,3,V796,10772,23
deet,20161029c1v4,3,V798,10794,10
deet,20161029c1v4,3,V799,10973,174
deet,20161029c1v4,3,V800,11084,106
deet,20161029c1v4,3,V801,11100,13
deet,20161029c1v4,3,V802,11138,36
deet,20161029c1v4,3,V804,11164,9
deet,20161029c1v4,3,V805,11181,6
deet,20161029c1v4,3,V806,11188,5
deet,20161029c1v4,3,V807,11196,6
deet,20161029c1v4,3,V808,11210,6
deet,20161029c1v4,3,V809,11226,14
deet,20161029c1v4,3,V811,11248,9
deet,20161029c1v4,3,V813,11267,9
deet,20161029c1v4,3,V815,11286,8
deet,20161029c1v4,3,V816,11293,5
deet,20161029c1v4,3,V817,11308,7
deet,20161029c1v4,3,V819,11327,12
deet,20161029c1v4,3,V823,11395,56
deet,20161029c1v4,3,V826,11424,14
deet,20161029c1v4,3,V830,11462,6
deet,20161029c1v4,3,V831,11470,6
deet,20161029c1v4,3,V832,11480,5
deet,20161029c1v4,3,V834,11506,11
deet,20161029c1v4,3,V836,11523,5
deet,20161029c1v4,3,V840,11556,8
deet,20161029c1v4,3,V841,11580,22
deet,20161029c1v4,3,V842,11638,49
deet,20161029c1v4,3,V844,11693,33
deet,20161029c1v4,3,V845,11703,5
deet,20161029c1v4,3,V847,11719,10
deet,20161029c1v4,3,V849,11738,14
deet,20161029c1v4,3,V850,11762,13
deet,20161029c1v4,3,V851,11772,8
deet,20161029c1v4,3,V853,11787,9
deet,20161029c1v4,3,V854,11801,8
deet,20161029c1v4,3,V855,11822,12
deet,20161029c1v4,3,V859,11878,42
deet,20161029c1v4,3,V860,11891,7
deet,20161029c1v4,3,V866,11962,13
deet,20161029c1v4,3,V870,11991,12
deet,20161029c1v4,3,V873,12007,6
deet,20161029c1v4,3,V881,12055,5
deet,20161029c1v4,3,V883,12075,8
deet,20161029c1v4,3,V889,12124,19
deet,20161029c1v4,3,V891,12160,29
deet,20161029c1v4,3,V892,12168,5
deet,20161029c1v4,3,V893,12177,7
deet,20161029c1v4,3,V894,12189,9
deet,20161029c1v4,3,V899,12217,13
deet,20161029c1v4,3,V901,12232,6
deet,20161029c1v4,3,V902,12247,11
deet,20161029c1v4,3,V905,12264,7
deet,20161029c1v4,3,V913,12295,5
deet,20161029c1v4,3,V915,12313,8
deet,20161029c1v4,3,V916,12339,20
deet,20161029c1v4,3,V921,12368,5
deet,20161029c1v4,3,V923,12407,24
deet,20161029c1v4,3,V926,12423,7
deet,20161029c1v4,3,V928,12436,6
deet,20161029c1v4,3,V930,12456,6
deet,20161029c1v4,3,V935,12502,5
deet,20161029c1v4,3,V938,12544,7
deet,20161029c1v4,3,V939,12566,5
deet,20161029c1v4,3,V943,12603,11
deet,20161029c1v4,3,V945,12674,5
deet,20161029c1v4,3,V952,13114,6
deet,20161029c1v4,3,V953,13127,5
deet,20161029c1v4,3,V957,13525,14
deet,20161029c1v4,3,V958,13541,13
deet,20161029c1v4,3,V959,13558,15
deet,20161029c1v4,3,V961,13577,12
deet,20161029c1v4,3,V962,13584,5
deet,20161029c1v4,3,V963,13606,19
deet,20161029c1v4,3,V964,13619,11
deet,20161029c1v4,3,V965,13634,13
deet,20161029c1v4,3,V967,13655,11
deet,20161029c1v4,3,V968,13673,9
deet,20161029c1v4,3,V970,13688,8
deet,20161029c1v4,3,V973,13704,5
deet,20161029c1v4,3,V974,13728,10
deet,20161029c1v4,3,V976,13749,12
deet,20161029c1v4,3,V978,13766,10
deet,20161029c1v4,3,V980,13791,5
deet,20161029c1v4,3,V986,13840,8
deet,20161029c1v4,3,V987,13864,15
deet,20161029c1v4,3,V988,13875,8
deet,20161029c1v4,3,V992,13904,5
deet,20161029c1v4,3,V994,13948,5
deet,20161029c1v4,3,V995,13960,9
deet,20161029c1v4,3,V996,13967,5
etoh,20161029c1v5,1,V4,1369,15
etoh,20161029c1v5,1,V5,1412,26
etoh,20161029c1v5,1,V6,1460,45
etoh,20161029c1v5,1,V7,1471,9
etoh,20161029c1v5,1,V8,1485,10
etoh,20161029c1v5,1,V9,1497,10
etoh,20161029c1v5,1,V10,1526,26
etoh,20161029c1v5,1,V11,1555,27
etoh,20161029c1v5,1,V12,1563,6
etoh,20161029c1v5,1,V13,1579,13
etoh,20161029c1v5,1,V14,1587,6
etoh,20161029c1v5,1,V15,1610,21
etoh,20161029c1v5,1,V17,1665,49
etoh,20161029c1v5,1,V20,1684,7
etoh,20161029c1v5,2,V4,106,5
etoh,20161029c1v5,2,V8,141,5
etoh,20161029c1v5,2,V11,202,12
etoh,20161029c1v5,2,V19,689,44
etoh,20161029c1v5,2,V20,1319,10
etoh,20161029c1v5,2,V21,1330,6
etoh,20161029c1v5,2,V23,1353,5
etoh,20161029c1v5,2,V26,1469,5
etoh,20161029c1v5,2,V29,1494,8
etoh,20161029c1v5,2,V30,1571,6
etoh,20161029c1v5,2,V32,1592,13
etoh,20161029c1v5,2,V34,1646,7
etoh,20161029c1v5,2,V38,1876,7
etoh,20161029c1v5,2,V41,1911,6
etoh,20161029c1v5,2,V43,1924,7
etoh,20161029c1v5,2,V51,2004,12
etoh,20161029c1v5,2,V55,2056,13
etoh,20161029c1v5,2,V57,2103,29
etoh,20161029c1v5,2,V59,2133,21
etoh,20161029c1v5,2,V61,2197,51
etoh,20161029c1v5,2,V62,2208,9
etoh,20161029c1v5,2,V63,2222,10
etoh,20161029c1v5,2,V64,2232,8
etoh,20161029c1v5,2,V65,2243,8
etoh,20161029c1v5,2,V68,2264,8
etoh,20161029c1v5,2,V69,2280,11
etoh,20161029c1v5,2,V73,2326,24
etoh,20161029c1v5,2,V74,2338,5
etoh,20161029c1v5,2,V77,2356,7
etoh,20161029c1v5,2,V80,2381,6
etoh,20161029c1v5,2,V84,2422,7
etoh,20161029c1v5,2,V85,2438,14
etoh,20161029c1v5,2,V89,2467,14
etoh,20161029c1v5,2,V95,2701,9
etoh,20161029c1v5,2,V97,2715,7
etoh,20161029c1v5,2,V98,2726,9
etoh,20161029c1v5,2,V104,2763,7
etoh,20161029c1v5,2,V107,2785,5
etoh,20161029c1v5,2,V109,2832,32
etoh,20161029c1v5,2,V111,2848,11
etoh,20161029c1v5,2,V112,2859,8
etoh,20161029c1v5,2,V113,2882,20
etoh,20161029c1v5,2,V114,2895,11
etoh,20161029c1v5,3,V4,1424,50
etoh,20161029c1v5,3,V7,1560,20
etoh,20161029c1v5,3,V9,1576,5
etoh,20161029c1v5,3,V12,1596,9
etoh,20161029c1v5,3,V15,1644,27
etoh,20161029c1v5,3,V16,1652,6
etoh,20161029c1v5,3,V17,1667,9
etoh,20161029c1v5,4,V3,42,14
etoh,20161029c1v5,4,V10,457,9
etoh,20161029c1v5,4,V11,468,7
etoh,20161029c1v5,4,V13,483,8
etoh,20161029c1v5,4,V15,501,13
etoh,20161029c1v5,4,V17,516,10
etoh,20161029c1v5,4,V18,527,9
etoh,20161029c1v5,4,V19,536,7
etoh,20161029c1v5,4,V20,558,20
etoh,20161029c1v5,4,V22,581,14
etoh,20161029c1v5,4,V23,590,6
etoh,20161029c1v5,4,V24,608,5
etoh,20161029c1v5,4,V28,639,7
etoh,20161029c1v5,4,V31,683,8
etoh,20161029c1v5,4,V32,705,9
etoh,20161029c1v5,4,V34,755,5
etoh,20161029c1v5,4,V35,788,31
etoh,20161029c1v5,4,V42,887,7
etoh,20161029c1v5,4,V45,913,14
etoh,20161029c1v5,4,V46,1043,5
etoh,20161029c1v5,4,V49,1179,8
etoh,20161029c1v5,4,V50,1199,6
etoh,20161029c1v5,4,V54,1646,5
etoh,20161029c1v5,4,V71,2543,15
etoh,20161029c1v5,4,V72,2553,5
etoh,20161029c1v5,4,V74,2580,9
etoh,20161029c1v5,4,V77,2627,11
etoh,20161029c1v5,4,V78,2649,13
etoh,20161029c1v5,4,V91,3645,9
etoh,20161029c1v5,4,V92,3689,6
etoh,20161029c1v5,4,V101,3955,9
etoh,20161029c1v5,4,V104,3982,7
etoh,20161029c1v5,4,V105,3994,6
etoh,20161029c1v5,4,V111,4072,6
etoh,20161029c1v5,4,V113,4102,14
etoh,20161029c1v5,4,V118,4154,16
etoh,20161029c1v5,4,V121,4217,7
etoh,20161029c1v5,4,V124,4236,7
etoh,20161029c1v5,4,V125,4246,8
etoh,20161029c1v5,4,V127,4256,5
etoh,20161029c1v5,4,V128,4273,12
etoh,20161029c1v5,4,V129,4281,5
etoh,20161029c1v5,4,V130,4299,14
etoh,20161029c1v5,4,V131,4375,74
etoh,20161029c1v5,4,V136,4456,51
etoh,20161029c1v5,4,V139,4496,30
etoh,20161029c1v5,4,V140,4562,64
etoh,20161029c1v5,4,V141,4586,9
etoh,20161029c1v5,4,V142,4663,75
etoh,20161029c1v5,4,V147,4798,5
etoh,20161029c1v5,4,V150,4845,12
etoh,20161029c1v5,4,V152,4890,27
etoh,20161029c1v5,4,V153,4899,6
etoh,20161029c1v5,4,V155,4927,9
etoh,20161029c1v5,4,V157,4945,10
etoh,20161029c1v5,4,V158,4958,11
etoh,20161029c1v5,4,V160,4980,5
etoh,20161029c1v5,4,V161,4987,5
etoh,20161029c1v5,4,V165,5014,5
etoh,20161029c1v5,4,V168,5052,5
etoh,20161029c1v5,4,V170,5063,5
etoh,20161029c1v5,4,V173,5089,8
etoh,20161029c1v5,4,V174,5106,15
etoh,20161029c1v5,4,V175,5127,11
etoh,20161029c1v5,4,V177,5152,6
etoh,20161029c1v5,4,V178,5162,8
etoh,20161029c1v5,4,V180,5185,17
etoh,20161029c1v5,4,V182,5205,7
etoh,20161029c1v5,4,V187,5246,6
etoh,20161029c1v5,4,V189,5259,6
etoh,20161029c1v5,4,V190,5431,150
etoh,20161029c1v5,5,V1,23,12
etoh,20161029c1v5,5,V5,180,11
deet,20161029c2v4,1,V1,6,5
deet,20161029c2v4,1,V5,229,5
deet,20161029c2v4,1,V11,413,9
deet,20161029c2v4,1,V23,1326,7
deet,20161029c2v4,1,V43,1563,5
deet,20161029c2v4,1,V56,1738,5
deet,20161029c2v4,1,V57,1754,5
deet,20161029c2v4,1,V74,2117,6
deet,20161029c2v4,1,V75,2163,9
deet,20161029c2v4,1,V79,2203,7
deet,20161029c2v4,1,V81,2227,7
deet,20161029c2v4,1,V87,2340,22
deet,20161029c2v4,1,V89,2370,7
deet,20161029c2v4,1,V90,2405,31
deet,20161029c2v4,1,V91,2453,9
deet,20161029c2v4,1,V94,2512,8
deet,20161029c2v4,1,V104,2687,25
deet,20161029c2v4,1,V110,2805,6
deet,20161029c2v4,1,V111,2825,9
deet,20161029c2v4,1,V112,2838,5
deet,20161029c2v4,1,V114,2853,7
deet,20161029c2v4,1,V115,2860,5
deet,20161029c2v4,1,V116,3792,227
deet,20161029c2v4,1,V117,3834,30
deet,20161029c2v4,1,V124,3948,7
deet,20161029c2v4,1,V125,3958,8
deet,20161029c2v4,1,V132,4182,23
deet,20161029c2v4,1,V133,4212,20
deet,20161029c2v4,1,V135,4353,9
deet,20161029c2v4,1,V139,4380,5
deet,20161029c2v4,1,V140,5383,992
deet,20161029c2v4,1,V142,5709,14
deet,20161029c2v4,1,V150,6009,5
deet,20161029c2v4,1,V152,6038,11
deet,20161029c2v4,1,V154,6264,69
deet,20161029c2v4,1,V155,6276,6
deet,20161029c2v4,1,V156,6491,43
deet,20161029c2v4,1,V158,6822,23
deet,20161029c2v4,1,V162,6865,7
deet,20161029c2v4,1,V177,6979,7
deet,20161029c2v4,1,V192,7095,7
deet,20161029c2v4,1,V193,7113,13
deet,20161029c2v4,1,V194,7122,5
deet,20161029c2v4,1,V197,7150,16
deet,20161029c2v4,1,V201,7179,6
deet,20161029c2v4,1,V204,7210,8
deet,20161029c2v4,1,V222,7399,7
deet,20161029c2v4,1,V225,7564,5
deet,20161029c2v4,1,V239,7970,7
deet,20161029c2v4,1,V245,8012,10
deet,20161029c2v4,1,V247,8030,9
deet,20161029c2v4,1,V248,8037,5
deet,20161029c2v4,1,V249,8057,18
deet,20161029c2v4,1,V251,8072,9
deet,20161029c2v4,1,V252,8085,11
deet,20161029c2v4,1,V253,8094,6
deet,20161029c2v4,1,V254,8131,7
deet,20161029c2v4,1,V260,8229,14
deet,20161029c2v4,1,V268,8300,5
deet,20161029c2v4,1,V270,8677,5
deet,20161029c2v4,1,V273,8733,16
deet,20161029c2v4,1,V276,8789,18
deet,20161029c2v4,1,V278,8805,9
deet,20161029c2v4,1,V281,8862,9
deet,20161029c2v4,1,V285,8882,6
deet,20161029c2v4,1,V288,8933,35
deet,20161029c2v4,1,V289,8958,23
deet,20161029c2v4,1,V291,9020,13
deet,20161029c2v4,1,V293,9082,7
deet,20161029c2v4,1,V297,9131,10
deet,20161029c2v4,1,V299,9142,5
deet,20161029c2v4,1,V301,9155,5
deet,20161029c2v4,1,V303,9171,8
deet,20161029c2v4,1,V304,9193,15
deet,20161029c2v4,1,V305,9201,5
deet,20161029c2v4,1,V306,9216,10
deet,20161029c2v4,1,V307,9224,5
deet,20161029c2v4,1,V309,9240,7
deet,20161029c2v4,1,V312,9260,6
deet,20161029c2v4,1,V315,9323,55
deet,20161029c2v4,1,V316,9337,11
deet,20161029c2v4,1,V321,9367,8
deet,20161029c2v4,1,V322,9384,13
deet,20161029c2v4,1,V324,9399,5
deet,20161029c2v4,1,V325,9420,18
deet,20161029c2v4,1,V326,9437,14
deet,20161029c2v4,1,V327,9462,23
deet,20161029c2v4,1,V328,9472,8
deet,20161029c2v4,1,V331,9500,20
deet,20161029c2v4,1,V332,9524,16
deet,20161029c2v4,1,V337,9589,5
deet,20161029c2v4,1,V341,9628,11
deet,20161029c2v4,1,V344,9680,9
deet,20161029c2v4,1,V346,9705,11
deet,20161029c2v4,1,V348,9742,11
deet,20161029c2v4,1,V349,9781,12
deet,20161029c2v4,1,V352,9817,17
deet,20161029c2v4,1,V360,9883,8
deet,20161029c2v4,1,V361,9912,7
deet,20161029c2v4,1,V362,9937,23
deet,20161029c2v4,1,V365,9979,25
deet,20161029c2v4,1,V366,10020,38
deet,20161029c2v4,1,V370,10181,18
deet,20161029c2v4,1,V374,10280,11
deet,20161029c2v4,1,V376,10309,5
deet,20161029c2v4,1,V379,10345,6
deet,20161029c2v4,1,V380,10375,27
deet,20161029c2v4,1,V382,10448,11
deet,20161029c2v4,1,V383,10458,5
deet,20161029c2v4,1,V386,10486,13
deet,20161029c2v4,1,V387,10500,11
deet,20161029c2v4,1,V390,10578,10
deet,20161029c2v4,1,V392,10588,5
deet,20161029c2v4,1,V393,10601,6
deet,20161029c2v4,1,V394,10621,18
deet,20161029c2v4,1,V395,10629,5
deet,20161029c2v4,1,V397,10688,6
deet,20161029c2v4,1,V403,11079,7
deet,20161029c2v4,1,V405,11102,15
deet,20161029c2v4,1,V409,11126,6
deet,20161029c2v4,1,V418,11395,8
deet,20161029c2v4,1,V420,11409,7
deet,20161029c2v4,1,V426,11443,6
deet,20161029c2v4,1,V428,11464,8
deet,20161029c2v4,1,V445,11939,8
deet,20161029c2v4,1,V446,11949,8
deet,20161029c2v4,1,V447,11997,46
deet,20161029c2v4,1,V449,12011,7
deet,20161029c2v4,1,V450,12020,7
deet,20161029c2v4,1,V452,12074,46
deet,20161029c2v4,1,V453,12084,8
deet,20161029c2v4,1,V460,12126,7
deet,20161029c2v4,1,V463,12216,6
deet,20161029c2v4,1,V467,12290,6
deet,20161029c2v4,1,V473,12552,5
deet,20161029c2v4,1,V482,12727,5
deet,20161029c2v4,1,V484,12810,7
deet,20161029c2v4,1,V488,12845,12
deet,20161029c2v4,1,V490,12872,5
deet,20161029c2v4,1,V502,13074,21
deet,20161029c2v4,1,V504,13092,9
deet,20161029c2v4,1,V506,13118,18
deet,20161029c2v4,1,V510,13146,5
deet,20161029c2v4,1,V511,13160,6
deet,20161029c2v4,1,V512,13168,6
deet,20161029c2v4,1,V514,13184,8
deet,20161029c2v4,1,V515,13197,10
deet,20161029c2v4,1,V516,13207,8
deet,20161029c2v4,1,V519,13233,6
deet,20161029c2v4,1,V522,13279,6
deet,20161029c2v4,1,V525,13330,8
deet,20161029c2v4,1,V526,13348,15
deet,20161029c2v4,1,V529,13377,18
deet,20161029c2v4,1,V530,13396,17
deet,20161029c2v4,1,V531,13427,27
deet,20161029c2v4,1,V533,13448,8
deet,20161029c2v4,1,V535,13466,11
deet,20161029c2v4,1,V537,13496,18
deet,20161029c2v4,1,V538,13517,19
deet,20161029c2v4,1,V539,13527,8
deet,20161029c2v4,1,V540,13535,6
deet,20161029c2v4,1,V541,13548,9
deet,20161029c2v4,1,V548,13587,7
deet,20161029c2v4,1,V549,13594,5
deet,20161029c2v4,1,V556,13643,8
deet,20161029c2v4,1,V557,13652,6
deet,20161029c2v4,1,V559,13678,16
deet,20161029c2v4,3,V1,128,6
deet,20161029c2v4,3,V4,232,10
deet,20161029c2v4,3,V5,793,533
deet,20161029c2v4,3,V8,953,6
deet,20161029c2v4,3,V9,992,5
deet,20161029c2v4,3,V18,1205,6
deet,20161029c2v4,3,V46,1624,5
deet,20161029c2v4,3,V71,1975,5
deet,20161029c2v4,3,V76,2013,6
deet,20161029c2v4,3,V79,2032,11
deet,20161029c2v4,3,V80,2043,5
deet,20161029c2v4,3,V87,2082,5
deet,20161029c2v4,3,V90,2099,5
deet,20161029c2v4,3,V91,2112,5
deet,20161029c2v4,3,V102,2195,5
deet,20161029c2v4,3,V111,2267,6
deet,20161029c2v4,3,V115,2303,7
deet,20161029c2v4,3,V116,2319,7
deet,20161029c2v4,3,V123,2374,5
deet,20161029c2v4,3,V126,2389,5
deet,20161029c2v4,3,V129,2410,5
deet,20161029c2v4,3,V138,2519,7
deet,20161029c2v4,3,V139,2536,5
deet,20161029c2v4,3,V141,2576,17
deet,20161029c2v4,3,V143,2613,14
deet,20161029c2v4,3,V145,2647,10
deet,20161029c2v4,3,V146,2663,5
deet,20161029c2v4,3,V148,2708,8
deet,20161029c2v4,3,V154,2772,8
deet,20161029c2v4,3,V158,2805,5
deet,20161029c2v4,3,V160,2882,6
deet,20161029c2v4,3,V165,2983,11
deet,20161029c2v4,3,V167,3007,9
deet,20161029c2v4,3,V170,3068,8
deet,20161029c2v4,3,V173,3133,9
deet,20161029c2v4,3,V176,3167,12
deet,20161029c2v4,3,V181,3767,5
deet,20161029c2v4,3,V182,3805,5
deet,20161029c2v4,3,V183,3817,5
deet,20161029c2v4,3,V185,3834,10
deet,20161029c2v4,3,V187,3849,7
deet,20161029c2v4,3,V188,3893,20
deet,20161029c2v4,3,V190,3908,6
deet,20161029c2v4,3,V194,3967,36
deet,20161029c2v4,3,V197,3995,5
deet,20161029c2v4,3,V202,4071,7
deet,20161029c2v4,3,V203,4104,31
deet,20161029c2v4,3,V207,4206,8
deet,20161029c2v4,3,V210,4345,7
deet,20161029c2v4,3,V212,4455,7
deet,20161029c2v4,3,V217,4844,5
deet,20161029c2v4,3,V218,4852,5
deet,20161029c2v4,3,V221,4892,11
deet,20161029c2v4,3,V223,4914,6
deet,20161029c2v4,3,V231,4969,9
deet,20161029c2v4,3,V234,4996,5
deet,20161029c2v4,3,V236,5012,5
deet,20161029c2v4,3,V239,5036,9
deet,20161029c2v4,3,V240,5048,10
deet,20161029c2v4,3,V241,5086,30
deet,20161029c2v4,3,V243,5097,6
deet,20161029c2v4,3,V245,5110,5
deet,20161029c2v4,3,V246,5131,14
deet,20161029c2v4,3,V248,5160,11
deet,20161029c2v4,3,V249,5171,5
deet,20161029c2v4,3,V255,5242,12
deet,20161029c2v4,3,V259,5355,11
deet,20161029c2v4,3,V261,5377,5
deet,20161029c2v4,3,V262,5388,7
deet,20161029c2v4,3,V267,5448,7
deet,20161029c2v4,3,V272,5530,5
deet,20161029c2v4,3,V277,5576,8
deet,20161029c2v4,3,V279,5587,5
deet,20161029c2v4,3,V283,5616,8
deet,20161029c2v4,3,V285,5637,10
deet,20161029c2v4,3,V287,5678,13
deet,20161029c2v4,3,V289,5709,6
deet,20161029c2v4,3,V292,5737,9
deet,20161029c2v4,3,V300,5856,5
deet,20161029c2v4,3,V301,5868,6
deet,20161029c2v4,3,V302,5900,6
deet,20161029c2v4,3,V314,6300,8
deet,20161029c2v4,3,V336,6769,5
deet,20161029c2v4,3,V337,6780,9
deet,20161029c2v4,3,V338,6798,11
deet,20161029c2v4,3,V342,6824,10
deet,20161029c2v4,3,V346,6859,19
deet,20161029c2v4,3,V347,6871,10
deet,20161029c2v4,3,V349,6883,5
deet,20161029c2v4,3,V351,6900,12
deet,20161029c2v4,3,V353,6913,6
deet,20161029c2v4,3,V355,6930,5
deet,20161029c2v4,3,V357,6953,8
deet,20161029c2v4,3,V358,6967,12
deet,20161029c2v4,3,V359,6978,8
deet,20161029c2v4,3,V361,7004,20
deet,20161029c2v4,3,V363,7041,29
deet,20161029c2v4,3,V364,7051,8
deet,20161029c2v4,3,V365,7063,7
deet,20161029c2v4,3,V366,7086,20
deet,20161029c2v4,3,V367,7118,30
deet,20161029c2v4,3,V369,7137,9
deet,20161029c2v4,3,V371,7150,8
deet,20161029c2v4,3,V372,7171,16
deet,20161029c2v4,3,V373,7181,5
deet,20161029c2v4,3,V378,7228,6
deet,20161029c2v4,3,V379,7240,7
deet,20161029c2v4,3,V381,7276,7
deet,20161029c2v4,3,V382,7290,5
deet,20161029c2v4,3,V390,7443,5
deet,20161029c2v4,3,V392,7460,6
deet,20161029c2v4,3,V393,7490,7
deet,20161029c2v4,3,V395,7508,7
deet,20161029c2v4,3,V398,7551,19
deet,20161029c2v4,3,V399,7563,6
deet,20161029c2v4,3,V400,7611,46
deet,20161029c2v4,3,V401,7628,15
deet,20161029c2v4,3,V403,7647,8
deet,20161029c2v4,3,V405,7661,8
deet,20161029c2v4,3,V406,7668,5
deet,20161029c2v4,3,V408,7683,9
deet,20161029c2v4,3,V409,7709,20
deet,20161029c2v4,3,V411,7722,8
deet,20161029c2v4,3,V414,7748,7
deet,20161029c2v4,3,V415,7755,5
deet,20161029c2v4,3,V417,7778,16
deet,20161029c2v4,3,V418,7796,16
deet,20161029c2v4,3,V419,7808,9
deet,20161029c2v4,3,V420,7830,14
deet,20161029c2v4,3,V426,7885,7
deet,20161029c2v4,3,V428,7904,7
deet,20161029c2v4,3,V434,8030,7
deet,20161029c2v4,3,V435,8039,7
deet,20161029c2v4,3,V436,8055,13
deet,20161029c2v4,3,V438,8067,6
deet,20161029c2v4,3,V441,8093,10
deet,20161029c2v4,3,V444,8119,5
deet,20161029c2v4,3,V445,8132,11
deet,20161029c2v4,3,V453,8363,5
deet,20161029c2v4,3,V459,8445,8
deet,20161029c2v4,3,V466,8505,6
deet,20161029c2v4,3,V467,8512,5
deet,20161029c2v4,3,V476,8674,7
deet,20161029c2v4,3,V492,9054,6
deet,20161029c2v4,3,V494,9068,8
deet,20161029c2v4,3,V496,9081,7
deet,20161029c2v4,3,V502,9111,6
deet,20161029c2v4,3,V503,9125,5
deet,20161029c2v4,3,V506,9155,8
deet,20161029c2v4,3,V507,9172,11
deet,20161029c2v4,3,V509,9197,6
deet,20161029c2v4,3,V510,9205,5
deet,20161029c2v4,3,V514,9248,17
deet,20161029c2v4,3,V515,9259,7
deet,20161029c2v4,3,V520,9306,10
deet,20161029c2v4,3,V531,9385,9
deet,20161029c2v4,3,V535,9427,9
deet,20161029c2v4,3,V546,9609,21
deet,20161029c2v4,3,V547,9620,9
deet,20161029c2v4,3,V548,9650,27
deet,20161029c2v4,3,V549,9662,8
deet,20161029c2v4,3,V550,9672,8
deet,20161029c2v4,3,V552,9698,13
deet,20161029c2v4,3,V553,9713,13
deet,20161029c2v4,3,V555,9746,15
deet,20161029c2v4,3,V556,9768,15
deet,20161029c2v4,3,V557,9785,13
deet,20161029c2v4,3,V558,9809,13
deet,20161029c2v4,3,V560,9837,10
deet,20161029c2v4,3,V561,9867,24
deet,20161029c2v4,3,V563,9879,6
deet,20161029c2v4,3,V564,9888,6
deet,20161029c2v4,3,V574,10009,6
deet,20161029c2v4,3,V575,10027,5
deet,20161029c2v4,3,V577,10061,7
deet,20161029c2v4,3,V579,10072,6
deet,20161029c2v4,3,V580,10085,9
deet,20161029c2v4,3,V582,10117,13
deet,20161029c2v4,3,V586,10160,5
deet,20161029c2v4,3,V591,10252,5
deet,20161029c2v4,3,V594,10267,5
deet,20161029c2v4,3,V595,10293,24
deet,20161029c2v4,3,V597,10323,25
deet,20161029c2v4,3,V606,10743,108
deet,20161029c2v4,3,V607,10864,118
deet,20161029c2v4,3,V609,10904,30
deet,20161029c2v4,3,V610,10924,18
deet,20161029c2v4,3,V611,10933,6
deet,20161029c2v4,3,V613,10952,6
deet,20161029c2v4,3,V614,10975,15
deet,20161029c2v4,3,V615,11002,5
deet,20161029c2v4,3,V617,11062,5
deet,20161029c2v4,3,V618,11079,6
deet,20161029c2v4,3,V619,11093,5
deet,20161029c2v4,3,V629,11294,8
deet,20161029c2v4,3,V638,12168,5
deet,20161029c2v4,3,V648,12878,11
deet,20161029c2v4,3,V657,13612,10
deet,20161029c2v4,3,V658,13716,6
deet,20161029c2v4,3,V659,13746,23
deet,20161029c2v4,4,V2,960,37
deet,20161029c2v4,4,V11,1837,28
deet,20161029c2v4,4,V13,1872,10
deet,20161029c2v4,4,V14,1905,30
deet,20161029c2v4,4,V16,1926,13
deet,20161029c2v4,4,V17,1934,6
deet,20161029c2v4,4,V18,1942,6
deet,20161029c2v4,4,V20,1956,6
deet,20161029c2v4,4,V23,1986,12
deet,20161029c2v4,5,V3,1860,5
etoh,20161029c2v5,1,V1,1686,493
etoh,20161029c2v5,1,V2,1704,16
etoh,20161029c2v5,1,V4,1732,23
etoh,20161029c2v5,1,V6,1774,33
etoh,20161029c2v5,1,V7,1789,13
etoh,20161029c2v5,1,V8,1842,51
etoh,20161029c2v5,1,V9,1859,14
etoh,20161029c2v5,1,V10,1877,16
etoh,20161029c2v5,1,V11,1897,17
etoh,20161029c2v5,1,V14,1916,5
etoh,20161029c2v5,1,V15,1925,7
etoh,20161029c2v5,1,V16,1936,8
etoh,20161029c2v5,1,V18,1953,12
etoh,20161029c2v5,1,V19,1991,36
etoh,20161029c2v5,1,V20,2005,11
etoh,20161029c2v5,1,V21,2016,8
etoh,20161029c2v5,1,V22,2044,26
etoh,20161029c2v5,1,V24,2060,9
etoh,20161029c2v5,1,V26,2087,19
etoh,20161029c2v5,1,V28,2104,12
etoh,20161029c2v5,1,V34,2145,10
etoh,20161029c2v5,1,V35,2152,5
etoh,20161029c2v5,1,V37,2172,13
etoh,20161029c2v5,1,V39,2195,18
etoh,20161029c2v5,1,V42,2214,5
etoh,20161029c2v5,1,V43,2227,11
etoh,20161029c2v5,1,V46,2247,5
etoh,20161029c2v5,1,V47,2259,10
etoh,20161029c2v5,1,V48,2282,10
etoh,20161029c2v5,1,V50,2300,9
etoh,20161029c2v5,1,V78,4064,10
etoh,20161029c2v5,1,V79,4085,13
etoh,20161029c2v5,1,V80,4101,7
etoh,20161029c2v5,1,V85,4425,6
etoh,20161029c2v5,1,V89,4471,25
etoh,20161029c2v5,1,V90,4479,5
etoh,20161029c2v5,1,V91,4502,5
etoh,20161029c2v5,1,V97,4619,6
etoh,20161029c2v5,1,V98,4632,6
etoh,20161029c2v5,1,V103,4687,17
etoh,20161029c2v5,1,V113,4756,8
etoh,20161029c2v5,1,V115,4781,5
etoh,20161029c2v5,1,V117,4819,9
etoh,20161029c2v5,1,V125,4904,9
etoh,20161029c2v5,1,V127,4931,15
etoh,20161029c2v5,1,V128,5012,16
etoh,20161029c2v5,1,V131,5033,5
etoh,20161029c2v5,1,V133,5048,6
etoh,20161029c2v5,1,V139,5130,6
etoh,20161029c2v5,1,V158,5637,6
etoh,20161029c2v5,1,V159,5663,5
etoh,20161029c2v5,1,V160,5684,6
etoh,20161029c2v5,1,V164,5724,11
etoh,20161029c2v5,1,V166,5741,6
etoh,20161029c2v5,1,V171,5780,6
etoh,20161029c2v5,1,V179,5956,12
etoh,20161029c2v5,1,V185,6271,5
etoh,20161029c2v5,1,V186,6285,11
etoh,20161029c2v5,1,V189,6308,7
etoh,20161029c2v5,1,V190,6315,5
etoh,20161029c2v5,1,V195,6495,14
etoh,20161029c2v5,1,V197,6516,13
etoh,20161029c2v5,1,V198,6530,8
etoh,20161029c2v5,1,V201,6551,5
etoh,20161029c2v5,1,V202,6577,18
etoh,20161029c2v5,1,V205,6619,9
etoh,20161029c2v5,1,V211,6692,9
etoh,20161029c2v5,1,V214,6757,9
etoh,20161029c2v5,1,V225,7070,8
etoh,20161029c2v5,1,V228,7123,7
etoh,20161029c2v5,1,V230,7171,17
etoh,20161029c2v5,1,V232,7189,10
etoh,20161029c2v5,1,V234,7219,5
etoh,20161029c2v5,1,V241,7303,5
etoh,20161029c2v5,1,V243,7342,19
etoh,20161029c2v5,1,V247,7433,9
etoh,20161029c2v5,1,V248,7447,9
etoh,20161029c2v5,1,V249,7468,19
etoh,20161029c2v5,1,V253,7516,14
etoh,20161029c2v5,1,V256,7554,8
etoh,20161029c2v5,1,V260,7647,13
etoh,20161029c2v5,1,V262,7686,8
etoh,20161029c2v5,1,V269,7755,10
etoh,20161029c2v5,1,V270,7776,17
etoh,20161029c2v5,1,V273,7795,7
etoh,20161029c2v5,1,V274,7832,35
etoh,20161029c2v5,1,V276,7854,16
etoh,20161029c2v5,1,V277,7869,13
etoh,20161029c2v5,1,V278,7880,9
etoh,20161029c2v5,1,V279,7896,9
etoh,20161029c2v5,1,V281,7942,10
etoh,20161029c2v5,1,V282,7954,10
etoh,20161029c2v5,1,V283,7966,10
etoh,20161029c2v5,1,V284,7993,25
etoh,20161029c2v5,1,V288,8041,12
etoh,20161029c2v5,1,V289,8054,10
etoh,20161029c2v5,1,V290,8169,5
etoh,20161029c2v5,1,V292,8189,7
etoh,20161029c2v5,1,V298,8309,16
etoh,20161029c2v5,1,V300,8319,5
etoh,20161029c2v5,1,V301,8327,5
etoh,20161029c2v5,1,V306,8352,6
etoh,20161029c2v5,1,V311,8382,6
etoh,20161029c2v5,1,V326,8487,10
etoh,20161029c2v5,1,V327,8499,8
etoh,20161029c2v5,1,V328,8508,5
etoh,20161029c2v5,1,V331,8532,6
etoh,20161029c2v5,1,V333,8559,6
etoh,20161029c2v5,1,V334,8572,8
etoh,20161029c2v5,1,V339,8631,18
etoh,20161029c2v5,1,V343,8723,8
etoh,20161029c2v5,1,V350,8771,13
etoh,20161029c2v5,1,V353,8790,7
etoh,20161029c2v5,1,V354,8800,8
etoh,20161029c2v5,1,V355,8810,5
etoh,20161029c2v5,1,V359,8877,8
etoh,20161029c2v5,1,V364,8900,6
etoh,20161029c2v5,1,V369,8941,5
etoh,20161029c2v5,1,V371,8959,6
etoh,20161029c2v5,1,V377,8994,6
etoh,20161029c2v5,1,V379,9042,9
etoh,20161029c2v5,1,V384,9089,5
etoh,20161029c2v5,1,V399,9236,9
etoh,20161029c2v5,1,V424,9537,5
etoh,20161029c2v5,2,V2,14,6
etoh,20161029c2v5,2,V8,73,21
etoh,20161029c2v5,2,V9,82,7
etoh,20161029c2v5,2,V10,98,10
etoh,20161029c2v5,2,V11,108,6
etoh,20161029c2v5,2,V12,172,60
etoh,20161029c2v5,2,V13,180,6
etoh,20161029c2v5,2,V16,214,9
etoh,20161029c2v5,3,V4,846,8
etoh,20161029c2v5,3,V8,933,6
etoh,20161029c2v5,3,V10,954,13
etoh,20161029c2v5,3,V11,981,12
etoh,20161029c2v5,3,V12,999,5
etoh,20161029c2v5,3,V13,1048,8
etoh,20161029c2v5,3,V14,1070,20
etoh,20161029c2v5,3,V15,1106,27
etoh,20161029c2v5,3,V16,1120,9
etoh,20161029c2v5,3,V17,1145,11
etoh,20161029c2v5,3,V20,1218,23
etoh,20161029c2v5,3,V22,1228,5
etoh,20161029c2v5,3,V23,1246,14
etoh,20161029c2v5,3,V24,1258,10
etoh,20161029c2v5,3,V26,1283,20
etoh,20161029c2v5,3,V27,1302,17
etoh,20161029c2v5,3,V28,1326,22
etoh,20161029c2v5,3,V29,1344,16
etoh,20161029c2v5,3,V30,1395,49
etoh,20161029c2v5,3,V33,1457,52
etoh,20161029c2v5,3,V34,1490,30
etoh,20161029c2v5,3,V35,1517,25
etoh,20161029c2v5,3,V36,1550,30
etoh,20161029c2v5,3,V37,1615,62
etoh,20161029c2v5,3,V39,1641,21
etoh,20161029c2v5,3,V40,1651,8
etoh,20161029c2v5,3,V41,1675,22
etoh,20161029c2v5,4,V2,496,7
etoh,20161029c2v5,5,V7,1912,13
etoh,20161029c2v5,5,V12,1998,22
etoh,20161029c2v5,5,V19,2062,14
etoh,20161029c2v5,5,V20,2085,21
etoh,20161029c2v5,5,V21,2128,41
etoh,20161029c2v5,5,V23,2156,10
etoh,20161029c2v5,5,V24,2186,18
etoh,20161029c2v5,5,V25,2202,12
etoh,20161029c2v5,5,V30,2232,8
etoh,20161029c2v5,5,V31,2260,14
etoh,20161029c2v5,5,V33,2279,13
etoh,20161029c2v5,5,V34,2287,5
etoh,20161029c2v5,5,V37,2315,11
etoh,20161029c2v5,5,V38,2330,13
etoh,20161029c2v5,5,V39,2345,13
etoh,20161029c2v5,5,V40,2358,11
etoh,20161029c2v5,5,V42,2421,56
etoh,20161029c2v5,5,V43,2435,12
etoh,20161029c2v5,5,V46,2474,25
etoh,20161029c2v5,5,V47,2485,9
etoh,20161029c2v5,5,V49,2517,25
etoh,20161029c2v5,5,V50,2528,9
etoh,20161029c2v5,5,V51,2539,7
etoh,20161029c2v5,5,V52,2558,10
etoh,20161029c2v5,5,V61,2610,10
etoh,20161029c2v5,5,V63,2622,7
etoh,20161029c2v5,5,V64,2641,17
etoh,20161029c2v5,5,V70,2793,110
etoh,20161029c2v5,5,V71,2819,23
etoh,20161029c2v5,5,V74,2836,5
etoh,20161029c2v5,5,V77,2852,5
etoh,20161029c2v5,5,V89,2969,8
etoh,20161029c2v5,5,V90,2991,12
etoh,20161029c2v5,5,V94,3085,17
etoh,20161029c2v5,5,V95,3094,7
etoh,20161029c2v5,5,V96,3118,17
etoh,20161029c2v5,5,V97,3132,12
etoh,20161029c2v5,5,V98,3200,66
etoh,20161029c2v5,5,V102,3235,7
etoh,20161029c2v5,5,V103,3257,18
etoh,20161029c2v5,5,V104,3274,15
etoh,20161029c2v5,5,V106,3294,10
etoh,20161029c2v5,5,V107,3305,9
etoh,20161029c2v5,5,V108,3325,18
etoh,20161029c2v5,5,V113,3369,6
etoh,20161029c2v5,5,V114,3389,14
etoh,20161029c2v5,5,V115,3402,11
etoh,20161029c3v4,3,V10,210,6
etoh,20161029c3v4,3,V14,264,12
etoh,20161029c3v4,3,V17,300,6
etoh,20161029c3v4,3,V18,325,8
etoh,20161029c3v4,3,V20,357,7
etoh,20161029c3v4,3,V24,445,5
etoh,20161029c3v4,3,V25,541,9
etoh,20161029c3v4,3,V28,575,7
etoh,20161029c3v4,3,V29,582,5
etoh,20161029c3v4,3,V32,633,8
etoh,20161029c3v4,3,V35,717,6
etoh,20161029c3v4,3,V36,739,6
etoh,20161029c3v4,3,V37,752,10
etoh,20161029c3v4,3,V39,778,7
etoh,20161029c3v4,3,V62,1419,5
etoh,20161029c3v4,3,V69,1679,5
etoh,20161029c3v4,3,V70,1779,11
etoh,20161029c3v4,3,V71,1811,7
etoh,20161029c3v4,3,V72,1879,12
etoh,20161029c3v4,3,V74,2338,5
etoh,20161029c3v4,3,V75,2352,8
etoh,20161029c3v4,3,V76,2379,21
etoh,20161029c3v4,3,V78,2435,13
etoh,20161029c3v4,3,V79,2446,9
etoh,20161029c3v4,3,V80,2513,10
etoh,20161029c3v4,3,V81,2522,7
etoh,20161029c3v4,3,V82,3145,22
etoh,20161029c3v4,3,V102,4705,5
etoh,20161029c3v4,3,V107,4771,7
etoh,20161029c3v4,3,V112,4839,6
etoh,20161029c3v4,3,V114,4853,7
etoh,20161029c3v4,3,V116,4873,6
etoh,20161029c3v4,3,V129,4980,5
etoh,20161029c3v4,3,V131,5000,11
etoh,20161029c3v4,3,V133,5018,10
etoh,20161029c3v4,3,V134,5029,5
etoh,20161029c3v4,3,V136,5054,13
etoh,20161029c3v4,3,V138,5068,6
etoh,20161029c3v4,3,V139,5082,7
etoh,20161029c3v4,3,V140,5092,7
etoh,20161029c3v4,3,V144,5117,8
etoh,20161029c3v4,3,V145,5131,12
etoh,20161029c3v4,3,V146,5146,13
etoh,20161029c3v4,3,V147,5161,13
etoh,20161029c3v4,3,V148,5198,34
etoh,20161029c3v4,3,V149,5207,7
etoh,20161029c3v4,3,V151,5222,5
etoh,20161029c3v4,3,V153,5246,18
etoh,20161029c3v4,3,V154,5254,6
etoh,20161029c3v4,3,V155,5269,11
etoh,20161029c3v4,3,V158,5293,14
etoh,20161029c3v4,3,V160,5310,7
etoh,20161029c3v4,3,V162,5331,13
etoh,20161029c3v4,3,V163,5352,14
etoh,20161029c3v4,3,V164,5363,5
etoh,20161029c3v4,3,V165,5370,5
etoh,20161029c3v4,3,V166,5387,14
etoh,20161029c3v4,3,V167,5423,34
etoh,20161029c3v4,3,V168,5439,12
etoh,20161029c3v4,3,V175,5500,17
etoh,20161029c3v4,3,V176,5511,9
etoh,20161029c3v4,3,V177,5522,8
etoh,20161029c3v4,3,V180,5539,7
etoh,20161029c3v4,3,V181,5559,17
etoh,20161029c3v4,3,V182,5572,7
etoh,20161029c3v4,3,V184,5590,8
etoh,20161029c3v4,3,V187,5633,27
etoh,20161029c3v4,3,V188,5649,14
etoh,20161029c3v4,3,V189,5660,9
etoh,20161029c3v4,3,V190,5670,8
etoh,20161029c3v4,4,V1,14,6
etoh,20161029c3v4,4,V7,127,5
etoh,20161029c3v4,4,V10,167,13
etoh,20161029c3v4,4,V13,369,5
etoh,20161029c3v4,4,V16,430,12
etoh,20161029c3v4,4,V24,579,19
etoh,20161029c3v4,4,V27,721,7
etoh,20161029c3v4,4,V30,761,9
etoh,20161029c3v4,4,V31,771,7
etoh,20161029c3v4,4,V32,790,6
etoh,20161029c3v4,4,V33,800,8
deet,20161029c3v5,1,V9,2052,8
deet,20161029c3v5,1,V11,2077,6
deet,20161029c3v5,1,V14,2104,9
deet,20161029c3v5,1,V16,2120,8
deet,20161029c3v5,1,V17,2151,25
deet,20161029c3v5,1,V18,2162,8
deet,20161029c3v5,1,V20,2187,16
deet,20161029c3v5,1,V24,2220,6
deet,20161029c3v5,1,V29,2254,7
deet,20161029c3v5,1,V30,2275,14
deet,20161029c3v5,1,V33,2301,6
deet,20161029c3v5,1,V35,2324,8
deet,20161029c3v5,1,V36,2349,15
deet,20161029c3v5,1,V37,2359,7
deet,20161029c3v5,1,V39,2381,15
deet,20161029c3v5,1,V43,2413,17
deet,20161029c3v5,1,V44,2424,9
deet,20161029c3v5,1,V45,2431,5
deet,20161029c3v5,1,V48,2455,8
deet,20161029c3v5,1,V53,2492,20
deet,20161029c3v5,1,V54,2508,14
deet,20161029c3v5,1,V57,2535,16
deet,20161029c3v5,1,V60,2561,6
deet,20161029c3v5,1,V61,2570,5
deet,20161029c3v5,1,V63,2591,15
deet,20161029c3v5,1,V64,2622,24
deet,20161029c3v5,1,V66,2664,37
deet,20161029c3v5,1,V68,2686,16
deet,20161029c3v5,1,V70,2707,14
deet,20161029c3v5,1,V73,2769,43
deet,20161029c3v5,1,V74,2780,9
deet,20161029c3v5,1,V75,2799,10
deet,20161029c3v5,1,V78,2819,5
deet,20161029c3v5,1,V83,2861,9
deet,20161029c3v5,1,V84,2868,5
deet,20161029c3v5,1,V89,2921,5
deet,20161029c3v5,1,V92,3007,14
deet,20161029c3v5,1,V97,3110,16
deet,20161029c3v5,1,V100,3173,44
deet,20161029c3v5,1,V101,3215,7
deet,20161029c3v5,1,V102,3309,92
deet,20161029c3v5,1,V103,3377,54
deet,20161029c3v5,1,V104,3388,9
deet,20161029c3v5,1,V105,3400,6
deet,20161029c3v5,1,V106,3417,15
deet,20161029c3v5,1,V107,3433,12
deet,20161029c3v5,1,V110,3472,13
deet,20161029c3v5,1,V111,3486,12
deet,20161029c3v5,1,V112,3502,7
deet,20161029c3v5,1,V138,3871,23
deet,20161029c3v5,1,V145,3971,5
deet,20161029c3v5,1,V152,4070,6
deet,20161029c3v5,1,V153,4105,5
deet,20161029c3v5,1,V162,4261,7
deet,20161029c3v5,1,V163,4292,7
deet,20161029c3v5,1,V165,4354,31
deet,20161029c3v5,1,V167,4378,15
deet,20161029c3v5,1,V168,4403,23
deet,20161029c3v5,1,V170,4446,38
deet,20161029c3v5,1,V174,4489,28
deet,20161029c3v5,1,V176,4499,5
deet,20161029c3v5,1,V177,4525,22
deet,20161029c3v5,1,V179,4561,31
deet,20161029c3v5,1,V180,4580,17
deet,20161029c3v5,1,V181,4601,11
deet,20161029c3v5,1,V182,4611,8
deet,20161029c3v5,1,V183,4622,8
deet,20161029c3v5,1,V185,4640,5
deet,20161029c3v5,1,V191,4671,6
deet,20161029c3v5,1,V195,4709,22
deet,20161029c3v5,1,V196,4716,5
deet,20161029c3v5,1,V199,4746,16
deet,20161029c3v5,1,V200,4760,12
deet,20161029c3v5,1,V202,4824,12
deet,20161029c3v5,1,V206,4849,10
deet,20161029c3v5,1,V210,4885,5
deet,20161029c3v5,1,V216,4935,13
deet,20161029c3v5,1,V217,4943,6
deet,20161029c3v5,1,V224,5064,5
deet,20161029c3v5,1,V234,5197,5
deet,20161029c3v5,1,V238,5244,15
deet,20161029c3v5,1,V241,5269,12
deet,20161029c3v5,1,V247,5313,5
deet,20161029c3v5,1,V257,5401,9
deet,20161029c3v5,1,V260,5433,16
deet,20161029c3v5,1,V261,5451,6
deet,20161029c3v5,1,V264,5491,23
deet,20161029c3v5,1,V269,5532,12
deet,20161029c3v5,1,V274,5564,6
deet,20161029c3v5,1,V277,5585,10
deet,20161029c3v5,1,V278,5601,5
deet,20161029c3v5,1,V285,5637,8
deet,20161029c3v5,1,V286,5646,7
deet,20161029c3v5,1,V292,5688,9
deet,20161029c3v5,1,V293,5698,7
deet,20161029c3v5,1,V294,5717,16
deet,20161029c3v5,1,V299,5755,5
deet,20161029c3v5,1,V300,5766,6
deet,20161029c3v5,1,V308,5821,8
deet,20161029c3v5,1,V309,5838,12
deet,20161029c3v5,1,V310,5865,7
deet,20161029c3v5,1,V312,5921,8
deet,20161029c3v5,1,V317,6092,9
deet,20161029c3v5,1,V324,6135,10
deet,20161029c3v5,1,V325,6148,11
deet,20161029c3v5,1,V326,6158,7
deet,20161029c3v5,1,V328,6184,19
deet,20161029c3v5,1,V331,6218,17
deet,20161029c3v5,1,V333,6239,8
deet,20161029c3v5,1,V336,6272,24
deet,20161029c3v5,1,V337,6282,7
deet,20161029c3v5,1,V338,6300,13
deet,20161029c3v5,1,V340,6317,12
deet,20161029c3v5,1,V341,6328,9
deet,20161029c3v5,1,V342,6347,17
deet,20161029c3v5,1,V345,6380,8
deet,20161029c3v5,1,V348,6413,23
deet,20161029c3v5,1,V349,6425,10
deet,20161029c3v5,1,V350,6437,9
deet,20161029c3v5,1,V352,6455,11
deet,20161029c3v5,1,V354,6484,18
deet,20161029c3v5,1,V361,6523,9
deet,20161029c3v5,1,V372,6794,5
deet,20161029c3v5,1,V373,6817,6
deet,20161029c3v5,1,V375,6850,25
deet,20161029c3v5,1,V376,6868,16
deet,20161029c3v5,1,V377,6883,13
deet,20161029c3v5,1,V382,6919,6
deet,20161029c3v5,1,V383,6929,8
deet,20161029c3v5,1,V385,6956,13
deet,20161029c3v5,1,V390,6985,9
deet,20161029c3v5,1,V391,6992,5
deet,20161029c3v5,1,V392,6999,5
deet,20161029c3v5,1,V398,7048,11
deet,20161029c3v5,1,V399,7063,7
deet,20161029c3v5,1,V404,7107,5
deet,20161029c3v5,1,V407,7137,13
deet,20161029c3v5,1,V414,7176,12
deet,20161029c3v5,1,V415,7184,6
deet,20161029c3v5,1,V419,7213,8
deet,20161029c3v5,1,V420,7226,11
deet,20161029c3v5,1,V422,7254,19
deet,20161029c3v5,1,V424,7275,11
deet,20161029c3v5,1,V425,7291,7
deet,20161029c3v5,1,V427,7310,7
deet,20161029c3v5,1,V428,7327,15
deet,20161029c3v5,1,V430,7355,8
deet,20161029c3v5,1,V431,7372,13
deet,20161029c3v5,1,V432,7379,5
deet,20161029c3v5,1,V438,7455,10
deet,20161029c3v5,1,V440,7471,8
deet,20161029c3v5,1,V441,7488,13
deet,20161029c3v5,1,V448,7585,8
deet,20161029c3v5,1,V450,7602,9
deet,20161029c3v5,1,V453,7618,5
deet,20161029c3v5,1,V456,7643,5
deet,20161029c3v5,1,V462,7685,5
deet,20161029c3v5,1,V463,7698,11
deet,20161029c3v5,1,V464,7737,36
deet,20161029c3v5,1,V465,7768,29
deet,20161029c3v5,1,V468,7793,8
deet,20161029c3v5,1,V469,7807,7
deet,20161029c3v5,1,V470,7816,7
deet,20161029c3v5,1,V475,7905,5
deet,20161029c3v5,1,V479,7999,9
deet,20161029c3v5,1,V481,8039,8
deet,20161029c3v5,1,V484,8073,16
deet,20161029c3v5,1,V485,8107,21
deet,20161029c3v5,1,V492,8215,21
deet,20161029c3v5,1,V493,8233,7
deet,20161029c3v5,1,V499,8298,41
deet,20161029c3v5,1,V500,8316,6
deet,20161029c3v5,1,V502,8363,39
deet,20161029c3v5,1,V505,8403,28
deet,20161029c3v5,1,V507,8422,13
deet,20161029c3v5,1,V509,8443,12
deet,20161029c3v5,1,V512,8458,5
deet,20161029c3v5,1,V515,8484,16
deet,20161029c3v5,1,V517,8495,6
deet,20161029c3v5,1,V518,8508,8
deet,20161029c3v5,1,V519,8529,16
deet,20161029c3v5,1,V520,8543,7
deet,20161029c3v5,1,V522,8569,10
deet,20161029c3v5,1,V525,8603,18
deet,20161029c3v5,1,V526,8614,8
deet,20161029c3v5,1,V529,8633,6
deet,20161029c3v5,1,V531,8664,23
deet,20161029c3v5,1,V533,8684,7
deet,20161029c3v5,1,V534,8696,8
deet,20161029c3v5,1,V539,8754,5
deet,20161029c3v5,1,V540,8778,22
deet,20161029c3v5,1,V541,8793,6
deet,20161029c3v5,1,V545,8841,5
deet,20161029c3v5,1,V546,8878,26
deet,20161029c3v5,1,V547,8892,12
deet,20161029c3v5,1,V549,8924,22
deet,20161029c3v5,1,V552,8944,8
deet,20161029c3v5,1,V553,8978,32
deet,20161029c3v5,1,V560,9054,11
deet,20161029c3v5,1,V561,9066,7
deet,20161029c3v5,1,V564,9088,6
deet,20161029c3v5,1,V575,9294,8
deet,20161029c3v5,1,V576,9309,7
deet,20161029c3v5,1,V578,9347,33
deet,20161029c3v5,1,V579,9363,14
deet,20161029c3v5,1,V581,9394,14
deet,20161029c3v5,1,V583,9413,8
deet,20161029c3v5,1,V585,9427,7
deet,20161029c3v5,1,V586,9452,5
deet,20161029c3v5,1,V588,9472,5
deet,20161029c3v5,1,V604,9657,5
deet,20161029c3v5,1,V608,9901,6
deet,20161029c3v5,1,V612,9932,5
deet,20161029c3v5,1,V613,9954,5
deet,20161029c3v5,1,V614,9977,5
deet,20161029c3v5,1,V617,10048,6
deet,20161029c3v5,1,V620,10088,5
deet,20161029c3v5,1,V622,10134,14
deet,20161029c3v5,1,V624,10161,10
deet,20161029c3v5,1,V628,10199,16
deet,20161029c3v5,1,V630,10219,12
deet,20161029c3v5,1,V633,10243,6
deet,20161029c3v5,1,V636,10280,5
deet,20161029c3v5,1,V639,10313,5
deet,20161029c3v5,1,V641,10344,6
deet,20161029c3v5,1,V648,10553,15
deet,20161029c3v5,1,V649,10568,13
deet,20161029c3v5,1,V652,10649,15
deet,20161029c3v5,1,V675,10942,14
deet,20161029c3v5,1,V684,11074,8
deet,20161029c3v5,1,V686,11104,25
deet,20161029c3v5,1,V687,11119,9
etoh,20161029c4v4,1,V13,1009,17
etoh,20161029c4v4,1,V14,1044,10
etoh,20161029c4v4,1,V17,1401,6
etoh,20161029c4v4,1,V21,1885,29
etoh,20161029c4v4,1,V22,1895,7
etoh,20161029c4v4,1,V25,1919,9
etoh,20161029c4v4,1,V26,1953,29
etoh,20161029c4v4,1,V30,1980,10
etoh,20161029c4v4,1,V33,2004,6
etoh,20161029c4v4,1,V35,2022,8
etoh,20161029c4v4,1,V37,2045,10
etoh,20161029c4v4,1,V43,2139,6
etoh,20161029c4v4,1,V46,2171,7
etoh,20161029c4v4,1,V47,2182,8
etoh,20161029c4v4,1,V49,2201,9
etoh,20161029c4v4,1,V54,2259,16
etoh,20161029c4v4,1,V57,2317,33
etoh,20161029c4v4,1,V58,2335,13
etoh,20161029c4v4,1,V63,2369,5
etoh,20161029c4v4,1,V70,2420,5
etoh,20161029c4v4,1,V74,2453,17
etoh,20161029c4v4,1,V75,2493,8
etoh,20161029c4v4,1,V79,2542,8
etoh,20161029c4v4,1,V81,2599,6
etoh,20161029c4v4,1,V102,2996,14
etoh,20161029c4v4,1,V103,3025,27
etoh,20161029c4v4,1,V105,3043,10
etoh,20161029c4v4,1,V106,3054,9
etoh,20161029c4v4,1,V108,3081,6
etoh,20161029c4v4,1,V110,3095,7
etoh,20161029c4v4,1,V114,3121,7
etoh,20161029c4v4,1,V116,3149,6
etoh,20161029c4v4,1,V117,3158,6
etoh,20161029c4v4,1,V120,3179,10
etoh,20161029c4v4,1,V121,3193,12
etoh,20161029c4v4,1,V122,3202,7
etoh,20161029c4v4,1,V126,3235,18
etoh,20161029c4v4,1,V127,3248,11
etoh,20161029c4v4,1,V129,3264,8
etoh,20161029c4v4,1,V132,3282,5
etoh,20161029c4v4,1,V133,3302,9
etoh,20161029c4v4,1,V134,3311,5
etoh,20161029c4v4,1,V136,3328,10
etoh,20161029c4v4,1,V137,3344,14
etoh,20161029c4v4,1,V141,3369,8
etoh,20161029c4v4,1,V144,3400,7
etoh,20161029c4v4,1,V145,3427,25
etoh,20161029c4v4,1,V151,3469,8
etoh,20161029c4v4,1,V160,3546,6
etoh,20161029c4v4,1,V162,3562,7
etoh,20161029c4v4,1,V180,3759,11
etoh,20161029c4v4,1,V181,3767,5
etoh,20161029c4v4,1,V196,4100,5
etoh,20161029c4v4,1,V202,4172,6
etoh,20161029c4v4,1,V204,4198,10
etoh,20161029c4v4,1,V205,4210,8
etoh,20161029c4v4,1,V212,4264,5
etoh,20161029c4v4,1,V217,4351,31
etoh,20161029c4v4,1,V220,4374,8
etoh,20161029c4v4,1,V229,4457,12
etoh,20161029c4v4,1,V230,4485,26
etoh,20161029c4v4,1,V231,4496,8
etoh,20161029c4v4,1,V233,4520,11
etoh,20161029c4v4,1,V235,4546,8
etoh,20161029c4v4,1,V237,4562,6
etoh,20161029c4v4,1,V238,4581,7
etoh,20161029c4v4,1,V240,4600,14
etoh,20161029c4v4,1,V241,4620,14
etoh,20161029c4v4,1,V247,4674,6
etoh,20161029c4v4,1,V258,4744,9
etoh,20161029c4v4,1,V259,4754,8
etoh,20161029c4v4,1,V270,4822,6
etoh,20161029c4v4,1,V272,4840,10
etoh,20161029c4v4,1,V275,4876,6
etoh,20161029c4v4,1,V277,4891,8
etoh,20161029c4v4,1,V280,4929,7
etoh,20161029c4v4,1,V289,4994,9
etoh,20161029c4v4,1,V291,5009,8
etoh,20161029c4v4,1,V294,5036,5
etoh,20161029c4v4,1,V296,5064,12
etoh,20161029c4v4,1,V298,5079,7
etoh,20161029c4v4,1,V299,5087,6
etoh,20161029c4v4,1,V302,5125,25
etoh,20161029c4v4,1,V305,5141,8
etoh,20161029c4v4,1,V306,5156,10
etoh,20161029c4v4,1,V310,5175,5
etoh,20161029c4v4,1,V313,5200,9
etoh,20161029c4v4,1,V318,5233,5
etoh,20161029c4v4,1,V319,5240,5
etoh,20161029c4v4,1,V320,5250,7
etoh,20161029c4v4,1,V324,5293,6
etoh,20161029c4v4,1,V325,5313,10
etoh,20161029c4v4,1,V327,5331,9
etoh,20161029c4v4,1,V335,5387,6
etoh,20161029c4v4,1,V340,5436,7
etoh,20161029c4v4,1,V343,5458,9
etoh,20161029c4v4,1,V345,5487,6
etoh,20161029c4v4,1,V353,5609,7
etoh,20161029c4v4,1,V355,5626,7
etoh,20161029c4v4,1,V362,5679,7
etoh,20161029c4v4,1,V363,5700,7
etoh,20161029c4v4,1,V364,5709,6
etoh,20161029c4v4,1,V370,5771,8
etoh,20161029c4v4,1,V383,5967,9
etoh,20161029c4v4,1,V392,6046,6
etoh,20161029c4v4,1,V396,6097,5
etoh,20161029c4v4,1,V402,6166,5
etoh,20161029c4v4,1,V403,6182,5
etoh,20161029c4v4,1,V413,6245,6
etoh,20161029c4v4,1,V424,6358,13
etoh,20161029c4v4,1,V426,6375,12
etoh,20161029c4v4,1,V431,6419,9
etoh,20161029c4v4,1,V433,6440,6
etoh,20161029c4v4,1,V437,6487,5
etoh,20161029c4v4,1,V439,6551,10
etoh,20161029c4v4,1,V441,6729,9
etoh,20161029c4v4,1,V446,6792,9
etoh,20161029c4v4,1,V458,6869,12
etoh,20161029c4v4,1,V459,6887,16
etoh,20161029c4v4,1,V460,6895,5
etoh,20161029c4v4,1,V461,6907,9
etoh,20161029c4v4,1,V462,6925,11
etoh,20161029c4v4,1,V464,6954,6
etoh,20161029c4v4,1,V465,6964,6
etoh,20161029c4v4,1,V466,6971,5
etoh,20161029c4v4,1,V468,6988,8
etoh,20161029c4v4,1,V469,7008,15
etoh,20161029c4v4,1,V472,7032,9
etoh,20161029c4v4,1,V473,7056,20
etoh,20161029c4v4,1,V477,7089,11
etoh,20161029c4v4,1,V478,7097,5
etoh,20161029c4v4,1,V483,7139,6
etoh,20161029c4v4,1,V491,7258,6
etoh,20161029c4v4,1,V494,7286,16
etoh,20161029c4v4,1,V500,7333,8
etoh,20161029c4v4,1,V504,7367,6
etoh,20161029c4v4,1,V511,7418,6
etoh,20161029c4v4,1,V512,7429,6
etoh,20161029c4v4,1,V513,7437,5
etoh,20161029c4v4,1,V515,7458,5
etoh,20161029c4v4,1,V517,7478,6
etoh,20161029c4v4,1,V519,7501,7
etoh,20161029c4v4,1,V528,7578,7
etoh,20161029c4v4,1,V529,7589,9
etoh,20161029c4v4,1,V534,7616,9
etoh,20161029c4v4,1,V536,7632,10
etoh,20161029c4v4,1,V538,7647,7
etoh,20161029c4v4,1,V541,7663,6
etoh,20161029c4v4,1,V547,7715,9
etoh,20161029c4v4,1,V549,7761,7
etoh,20161029c4v4,1,V559,7936,12
etoh,20161029c4v4,1,V560,7955,9
etoh,20161029c4v4,1,V567,7995,5
etoh,20161029c4v4,1,V568,8010,12
etoh,20161029c4v4,1,V572,8054,6
etoh,20161029c4v4,1,V573,8065,7
etoh,20161029c4v4,1,V577,8123,12
etoh,20161029c4v4,1,V578,8135,9
etoh,20161029c4v4,1,V583,8182,12
etoh,20161029c4v4,1,V589,8218,5
etoh,20161029c4v4,1,V590,8229,7
etoh,20161029c4v4,1,V594,8269,8
etoh,20161029c4v4,1,V596,8302,13
etoh,20161029c4v4,1,V600,8337,9
etoh,20161029c4v4,1,V605,8365,6
etoh,20161029c4v4,1,V606,8375,7
etoh,20161029c4v4,1,V616,8446,7
etoh,20161029c4v4,1,V621,8489,6
etoh,20161029c4v4,1,V623,8511,7
etoh,20161029c4v4,1,V627,8622,5
etoh,20161029c4v4,1,V632,8666,14
etoh,20161029c4v4,1,V636,8694,6
etoh,20161029c4v4,1,V638,8710,6
etoh,20161029c4v4,1,V641,8737,6
etoh,20161029c4v4,1,V645,8789,7
etoh,20161029c4v4,1,V646,8802,7
etoh,20161029c4v4,1,V648,8831,5
etoh,20161029c4v4,1,V650,8844,8
etoh,20161029c4v4,1,V653,8860,5
etoh,20161029c4v4,1,V657,8909,9
etoh,20161029c4v4,1,V661,8935,7
etoh,20161029c4v4,1,V664,8964,5
etoh,20161029c4v4,1,V668,9021,9
etoh,20161029c4v4,1,V673,9069,16
etoh,20161029c4v4,1,V675,9085,8
etoh,20161029c4v4,1,V677,9110,5
etoh,20161029c4v4,1,V685,9178,9
etoh,20161029c4v4,1,V688,9214,13
etoh,20161029c4v4,1,V690,9232,9
etoh,20161029c4v4,1,V694,9261,6
etoh,20161029c4v4,1,V697,9299,6
etoh,20161029c4v4,1,V704,9353,8
etoh,20161029c4v4,1,V706,9373,10
etoh,20161029c4v4,1,V707,9384,9
etoh,20161029c4v4,1,V717,9597,5
etoh,20161029c4v4,1,V723,9783,14
etoh,20161029c4v4,1,V724,9792,7
etoh,20161029c4v4,1,V725,9802,5
etoh,20161029c4v4,1,V727,9815,5
etoh,20161029c4v4,1,V729,9837,7
etoh,20161029c4v4,1,V730,9848,7
etoh,20161029c4v4,1,V737,9895,9
etoh,20161029c4v4,1,V738,9907,10
etoh,20161029c4v4,1,V741,9971,6
etoh,20161029c4v4,1,V745,10017,11
etoh,20161029c4v4,1,V746,10037,7
etoh,20161029c4v4,1,V750,10087,7
etoh,20161029c4v4,1,V751,10103,9
etoh,20161029c4v4,1,V754,10142,10
etoh,20161029c4v4,1,V756,10159,8
etoh,20161029c4v4,1,V757,10170,5
etoh,20161029c4v4,1,V762,10399,18
etoh,20161029c4v4,1,V766,10429,8
etoh,20161029c4v4,1,V767,10438,6
etoh,20161029c4v4,1,V776,10505,6
etoh,20161029c4v4,1,V780,10567,8
etoh,20161029c4v4,1,V785,10610,6
etoh,20161029c4v4,1,V790,10645,7
etoh,20161029c4v4,1,V794,10672,7
etoh,20161029c4v4,1,V798,10731,20
etoh,20161029c4v4,1,V799,10749,6
etoh,20161029c4v4,1,V804,10823,5
etoh,20161029c4v4,1,V805,10834,6
etoh,20161029c4v4,1,V806,10856,20
etoh,20161029c4v4,1,V813,10913,8
etoh,20161029c4v4,1,V816,10946,6
etoh,20161029c4v4,1,V823,11019,8
etoh,20161029c4v4,1,V824,11028,6
etoh,20161029c4v4,1,V829,11093,6
etoh,20161029c4v4,1,V833,11128,5
etoh,20161029c4v4,1,V834,11142,8
etoh,20161029c4v4,1,V835,11151,6
etoh,20161029c4v4,1,V837,11176,7
etoh,20161029c4v4,1,V842,11208,12
etoh,20161029c4v4,1,V847,11244,5
etoh,20161029c4v4,1,V854,11298,9
etoh,20161029c4v4,1,V859,11334,6
etoh,20161029c4v4,1,V865,11389,5
etoh,20161029c4v4,1,V867,11415,13
etoh,20161029c4v4,1,V872,11447,7
etoh,20161029c4v4,1,V873,11455,6
etoh,20161029c4v4,1,V882,11503,5
etoh,20161029c4v4,1,V883,11520,8
etoh,20161029c4v4,1,V890,11637,5
etoh,20161029c4v4,1,V895,11721,6
etoh,20161029c4v4,1,V896,11729,6
etoh,20161029c4v4,1,V899,11764,9
etoh,20161029c4v4,1,V900,11785,11
etoh,20161029c4v4,1,V901,11792,5
etoh,20161029c4v4,1,V907,11831,5
etoh,20161029c4v4,1,V908,11854,10
etoh,20161029c4v4,1,V914,12007,8
etoh,20161029c4v4,1,V915,12015,6
etoh,20161029c4v4,1,V916,12034,15
etoh,20161029c4v4,1,V917,12051,8
etoh,20161029c4v4,1,V918,12076,17
etoh,20161029c4v4,1,V921,12109,14
etoh,20161029c4v4,1,V922,12120,7
etoh,20161029c4v4,1,V926,12166,6
etoh,20161029c4v4,1,V927,12180,5
etoh,20161029c4v4,1,V928,12196,13
etoh,20161029c4v4,1,V934,12268,9
etoh,20161029c4v4,1,V935,12282,12
etoh,20161029c4v4,2,V1,1863,5
etoh,20161029c4v4,2,V2,1948,15
etoh,20161029c4v4,2,V3,1991,5
etoh,20161029c4v4,2,V7,2051,8
etoh,20161029c4v4,2,V14,2160,13
etoh,20161029c4v4,2,V15,2169,7
etoh,20161029c4v4,3,V8,273,11
etoh,20161029c4v4,3,V10,314,31
etoh,20161029c4v4,3,V11,336,6
etoh,20161029c4v4,3,V14,354,8
etoh,20161029c4v4,3,V16,381,9
etoh,20161029c4v4,3,V21,420,10
etoh,20161029c4v4,3,V22,438,16
etoh,20161029c4v4,3,V23,446,6
etoh,20161029c4v4,3,V25,460,6
etoh,20161029c4v4,3,V30,509,19
etoh,20161029c4v4,3,V31,529,17
etoh,20161029c4v4,3,V32,549,18
etoh,20161029c4v4,3,V33,599,47
etoh,20161029c4v4,3,V35,630,22
etoh,20161029c4v4,3,V37,645,7
etoh,20161029c4v4,3,V38,659,12
etoh,20161029c4v4,3,V42,719,41
etoh,20161029c4v4,3,V43,730,9
etoh,20161029c4v4,3,V45,753,18
etoh,20161029c4v4,3,V48,791,29
etoh,20161029c4v4,3,V49,852,59
etoh,20161029c4v4,3,V50,870,15
etoh,20161029c4v4,3,V51,888,11
etoh,20161029c4v4,3,V52,895,5
etoh,20161029c4v4,3,V54,948,47
etoh,20161029c4v4,3,V56,960,5
etoh,20161029c4v4,3,V59,981,5
etoh,20161029c4v4,3,V60,1009,22
etoh,20161029c4v4,3,V64,1049,5
etoh,20161029c4v4,3,V65,1065,11
etoh,20161029c4v4,3,V67,1087,9
etoh,20161029c4v4,3,V69,1101,7
etoh,20161029c4v4,3,V79,1370,5
etoh,20161029c4v4,3,V80,1555,12
etoh,20161029c4v4,3,V85,1722,6
etoh,20161029c4v4,3,V92,2031,7
etoh,20161029c4v4,3,V96,2148,21
etoh,20161029c4v4,3,V98,2171,7
etoh,20161029c4v4,3,V101,2222,5
etoh,20161029c4v4,3,V104,2275,18
etoh,20161029c4v4,3,V108,2294,7
etoh,20161029c4v4,3,V111,2323,10
etoh,20161029c4v4,3,V112,2340,15
etoh,20161029c4v4,3,V115,2382,27
etoh,20161029c4v4,3,V116,2393,8
etoh,20161029c4v4,3,V123,2441,7
etoh,20161029c4v4,3,V126,2479,19
etoh,20161029c4v4,3,V130,2515,19
etoh,20161029c4v4,3,V133,2530,5
etoh,20161029c4v4,3,V138,2569,10
etoh,20161029c4v4,3,V142,2606,21
etoh,20161029c4v4,3,V144,2618,7
etoh,20161029c4v4,3,V147,2664,7
etoh,20161029c4v4,3,V149,2692,11
etoh,20161029c4v4,3,V150,2719,19
etoh,20161029c4v4,3,V153,2744,7
etoh,20161029c4v4,3,V156,2758,6
etoh,20161029c4v4,3,V157,2766,6
etoh,20161029c4v4,3,V162,2812,7
etoh,20161029c4v4,3,V164,2855,19
etoh,20161029c4v4,3,V169,2884,7
etoh,20161029c4v4,3,V173,2917,6
etoh,20161029c4v4,3,V176,2958,5
etoh,20161029c4v4,3,V177,2971,7
etoh,20161029c4v4,3,V178,2981,8
etoh,20161029c4v4,3,V188,3097,6
etoh,20161029c4v4,3,V193,3134,5
etoh,20161029c4v4,3,V195,3159,7
etoh,20161029c4v4,3,V197,3194,14
etoh,20161029c4v4,3,V198,3206,10
etoh,20161029c4v4,3,V200,3218,6
etoh,20161029c4v4,3,V201,3227,5
etoh,20161029c4v4,3,V205,3260,15
etoh,20161029c4v4,3,V208,3275,5
etoh,20161029c4v4,3,V209,3287,10
etoh,20161029c4v4,3,V210,3295,5
etoh,20161029c4v4,3,V212,3312,11
etoh,20161029c4v4,3,V213,3319,5
etoh,20161029c4v4,3,V215,3330,5
etoh,20161029c4v4,3,V219,3351,5
etoh,20161029c4v4,3,V224,3389,14
etoh,20161029c4v4,3,V226,3407,11
etoh,20161029c4v4,3,V230,3444,8
etoh,20161029c4v4,3,V232,3461,7
etoh,20161029c4v4,3,V234,3477,7
etoh,20161029c4v4,3,V235,3485,5
etoh,20161029c4v4,3,V242,3550,6
etoh,20161029c4v4,3,V245,3587,5
etoh,20161029c4v4,3,V253,3689,19
etoh,20161029c4v4,3,V260,3817,13
etoh,20161029c4v4,3,V263,3839,5
etoh,20161029c4v4,3,V266,3892,5
etoh,20161029c4v4,3,V273,4845,9
etoh,20161029c4v4,3,V296,5877,21
etoh,20161029c4v4,3,V306,5965,10
etoh,20161029c4v4,3,V310,6023,13
etoh,20161029c4v4,3,V327,6166,5
etoh,20161029c4v4,3,V336,6219,6
etoh,20161029c4v4,3,V345,6285,10
etoh,20161029c4v4,3,V348,6310,6
etoh,20161029c4v4,3,V349,6334,5
etoh,20161029c4v4,3,V351,6358,6
etoh,20161029c4v4,3,V354,6376,6
etoh,20161029c4v4,3,V358,6409,5
etoh,20161029c4v4,3,V373,6511,6
etoh,20161029c4v4,3,V391,6634,5
etoh,20161029c4v4,3,V392,6654,8
etoh,20161029c4v4,3,V395,6684,6
etoh,20161029c4v4,3,V400,6724,10
etoh,20161029c4v4,3,V402,6753,9
etoh,20161029c4v4,3,V404,6782,7
etoh,20161029c4v4,3,V415,6847,5
etoh,20161029c4v4,3,V432,7051,6
etoh,20161029c4v4,3,V451,7425,7
etoh,20161029c4v4,3,V452,7437,10
etoh,20161029c4v4,3,V453,7451,5
etoh,20161029c4v4,3,V482,10731,10
etoh,20161029c4v4,3,V483,10759,6
etoh,20161029c4v4,3,V486,10797,7
etoh,20161029c4v4,3,V490,10854,7
etoh,20161029c4v4,3,V491,10880,12
etoh,20161029c4v4,3,V492,10889,7
etoh,20161029c4v4,3,V497,10966,24
etoh,20161029c4v4,3,V503,11017,7
etoh,20161029c4v4,3,V505,11042,8
etoh,20161029c4v4,3,V506,11063,14
etoh,20161029c4v4,3,V507,11073,7
etoh,20161029c4v4,3,V510,11100,13
etoh,20161029c4v4,3,V511,11110,8
etoh,20161029c4v4,3,V513,11129,14
etoh,20161029c4v4,3,V514,11136,5
etoh,20161029c4v4,3,V515,11158,19
etoh,20161029c4v4,3,V516,11182,21
etoh,20161029c4v4,3,V517,11197,13
etoh,20161029c4v4,3,V518,11276,77
etoh,20161029c4v4,3,V520,11357,74
etoh,20161029c4v4,3,V522,11378,16
etoh,20161029c4v4,3,V523,11401,21
etoh,20161029c4v4,3,V525,11531,123
etoh,20161029c4v4,3,V535,11612,5
etoh,20161029c4v4,3,V536,11623,9
etoh,20161029c4v4,3,V540,11663,8
etoh,20161029c4v4,3,V541,11688,19
etoh,20161029c4v4,3,V547,11722,7
etoh,20161029c4v4,3,V548,11732,8
etoh,20161029c4v4,3,V550,11748,8
etoh,20161029c4v4,3,V553,11778,14
etoh,20161029c4v4,3,V555,11791,6
etoh,20161029c4v4,3,V559,11910,5
etoh,20161029c4v4,3,V561,11924,5
etoh,20161029c4v4,3,V562,11934,5
etoh,20161029c4v4,3,V563,11956,6
etoh,20161029c4v4,3,V576,12029,7
etoh,20161029c4v4,3,V579,12048,8
etoh,20161029c4v4,3,V580,12061,8
etoh,20161029c4v4,3,V581,12072,7
etoh,20161029c4v4,3,V583,12094,11
etoh,20161029c4v4,3,V584,12112,14
etoh,20161029c4v4,3,V586,12128,10
etoh,20161029c4v4,3,V588,12141,6
etoh,20161029c4v4,3,V589,12156,13
etoh,20161029c4v4,3,V592,12183,18
etoh,20161029c4v4,3,V600,12218,5
etoh,20161029c4v4,3,V604,12249,12
etoh,20161029c4v4,3,V607,12282,14
deet,20161029c4v5,1,V5,738,13
deet,20161029c4v5,1,V6,748,6
deet,20161029c4v5,2,V1,9,8
deet,20161029c4v5,2,V2,37,12
deet,20161029c4v5,2,V4,54,7
deet,20161029c4v5,2,V7,118,8
deet,20161029c4v5,2,V15,219,6
deet,20161029c4v5,2,V19,271,13
deet,20161029c4v5,2,V20,288,13
deet,20161029c4v5,2,V21,303,5
deet,20161029c4v5,2,V23,323,7
deet,20161029c4v5,2,V24,334,9
deet,20161029c4v5,2,V27,350,6
deet,20161029c4v5,2,V28,365,13
deet,20161029c4v5,2,V30,390,13
deet,20161029c4v5,2,V31,408,16
deet,20161029c4v5,2,V32,419,9
deet,20161029c4v5,2,V33,433,12
deet,20161029c4v5,2,V34,444,9
deet,20161029c4v5,2,V39,492,20
deet,20161029c4v5,2,V45,548,20
deet,20161029c4v5,2,V46,558,7
deet,20161029c4v5,2,V47,572,10
deet,20161029c4v5,2,V48,580,6
deet,20161029c4v5,2,V49,598,14
deet,20161029c4v5,2,V54,648,8
deet,20161029c4v5,2,V56,663,6
deet,20161029c4v5,2,V62,706,12
deet,20161029c4v5,2,V63,724,16
deet,20161029c4v5,2,V64,755,26
deet,20161029c4v5,2,V66,769,6
deet,20161029c4v5,2,V70,805,18
deet,20161029c4v5,2,V72,819,9
deet,20161029c4v5,2,V73,844,15
deet,20161029c4v5,2,V74,872,24
deet,20161029c4v5,2,V75,916,42
deet,20161029c4v5,2,V78,933,8
deet,20161029c4v5,2,V79,955,20
deet,20161029c4v5,2,V81,989,24
deet,20161029c4v5,2,V83,1006,6
deet,20161029c4v5,2,V87,1043,10
deet,20161029c4v5,2,V89,1062,7
deet,20161029c4v5,2,V91,1078,7
deet,20161029c4v5,2,V101,1156,7
deet,20161029c4v5,2,V104,1235,5
deet,20161029c4v5,2,V105,1255,6
deet,20161029c4v5,2,V106,1267,10
deet,20161029c4v5,2,V109,1326,5
deet,20161029c4v5,2,V110,1355,10
deet,20161029c4v5,2,V113,1454,5
deet,20161029c4v5,2,V116,1504,11
deet,20161029c4v5,2,V123,2119,6
deet,20161029c4v5,2,V127,2812,7
deet,20161029c4v5,2,V129,2839,13
deet,20161029c4v5,2,V131,2872,15
deet,20161029c4v5,2,V133,2897,18
deet,20161029c4v5,2,V135,2920,7
deet,20161029c4v5,2,V136,2947,8
deet,20161029c4v5,2,V137,2959,5
deet,20161029c4v5,2,V141,3010,26
deet,20161029c4v5,2,V145,3040,7
deet,20161029c4v5,2,V146,3057,14
deet,20161029c4v5,2,V154,3103,5
deet,20161029c4v5,2,V156,3138,13
deet,20161029c4v5,2,V158,3163,10
deet,20161029c4v5,2,V159,3186,6
deet,20161029c4v5,2,V161,3235,6
deet,20161029c4v5,2,V162,3251,13
deet,20161029c4v5,2,V169,3367,8
deet,20161029c4v5,2,V171,3434,8
deet,20161029c4v5,2,V173,3480,6
deet,20161029c4v5,2,V175,3532,5
deet,20161029c4v5,2,V178,4753,113
deet,20161029c4v5,2,V179,4761,5
deet,20161029c4v5,2,V182,4781,6
deet,20161029c4v5,2,V201,5104,19
deet,20161029c4v5,2,V202,5113,7
deet,20161029c4v5,2,V204,5660,245
deet,20161029c4v5,2,V205,5676,8
deet,20161029c4v5,2,V210,5717,9
deet,20161029c4v5,2,V213,5748,6
deet,20161029c4v5,2,V216,5776,7
deet,20161029c4v5,2,V217,5864,62
deet,20161029c4v5,2,V218,5886,12
deet,20161029c4v5,2,V224,5940,12
deet,20161029c4v5,2,V239,6920,9
deet,20161029c4v5,2,V244,7154,9
deet,20161029c4v5,2,V247,7634,62
deet,20161029c4v5,2,V253,7948,12
deet,20161029c4v5,2,V255,7966,13
deet,20161029c4v5,2,V264,8161,5
deet,20161029c4v5,2,V269,8204,9
deet,20161029c4v5,2,V271,8225,10
deet,20161029c4v5,2,V275,8270,12
deet,20161029c4v5,2,V276,8279,6
deet,20161029c4v5,2,V277,8290,9
deet,20161029c4v5,2,V279,8315,10
deet,20161029c4v5,2,V280,8325,6
deet,20161029c4v5,2,V283,8475,5
deet,20161029c4v5,2,V286,8539,14
deet,20161029c4v5,2,V298,8710,8
deet,20161029c4v5,2,V301,8816,8
deet,20161029c4v5,2,V307,8919,13
deet,20161029c4v5,2,V309,8938,9
deet,20161029c4v5,2,V313,8970,12
deet,20161029c4v5,2,V314,8998,26
deet,20161029c4v5,2,V317,9013,5
deet,20161029c4v5,2,V318,9028,13
deet,20161029c4v5,2,V319,9037,7
deet,20161029c4v5,2,V322,9070,20
deet,20161029c4v5,2,V323,9077,5
deet,20161029c4v5,2,V324,9096,16
deet,20161029c4v5,2,V330,9155,27
deet,20161029c4v5,2,V332,9198,29
deet,20161029c4v5,2,V334,9211,5
deet,20161029c4v5,2,V335,9227,7
deet,20161029c4v5,2,V336,9236,7
deet,20161029c4v5,2,V337,9245,7
deet,20161029c4v5,2,V338,9273,26
deet,20161029c4v5,2,V339,9298,6
deet,20161029c4v5,2,V344,9397,12
deet,20161029c4v5,2,V347,9450,6
deet,20161029c4v5,2,V354,9632,9
deet,20161029c4v5,2,V356,9650,6
deet,20161029c4v5,2,V363,9722,7
deet,20161029c4v5,2,V367,9757,14
deet,20161029c4v5,2,V368,9766,6
deet,20161029c4v5,2,V369,9777,9
deet,20161029c4v5,2,V371,9831,10
deet,20161029c4v5,2,V372,9855,6
deet,20161029c4v5,2,V373,9897,39
deet,20161029c4v5,2,V376,9928,5
deet,20161029c4v5,2,V380,9963,22
deet,20161029c4v5,2,V381,9970,5
deet,20161029c4v5,2,V383,9995,19
deet,20161029c4v5,2,V387,10033,15
deet,20161029c4v5,2,V390,10057,5
deet,20161029c4v5,2,V392,10070,7
deet,20161029c4v5,2,V393,10092,20
deet,20161029c4v5,2,V397,10132,7
deet,20161029c4v5,2,V399,10154,5
deet,20161029c4v5,2,V402,10218,7
deet,20161029c4v5,2,V406,10270,11
deet,20161029c4v5,2,V407,10279,5
deet,20161029c4v5,2,V412,10311,7
deet,20161029c4v5,2,V425,10433,5
deet,20161029c4v5,2,V428,10464,10
deet,20161029c4v5,2,V433,10533,5
deet,20161029c4v5,2,V440,10604,6
deet,20161029c4v5,2,V442,10623,5
deet,20161029c4v5,2,V444,10650,5
deet,20161029c4v5,2,V457,10893,9
deet,20161029c4v5,2,V462,11029,10
deet,20161029c4v5,3,V2,138,8
deet,20161030c1v2,2,V8,1966,6
deet,20161030c1v2,2,V21,2745,8
deet,20161030c1v2,2,V22,2763,7
deet,20161030c1v2,2,V23,2777,10
deet,20161030c1v2,2,V24,2853,22
deet,20161030c1v2,2,V26,2885,7
deet,20161030c1v2,2,V29,2916,18
deet,20161030c1v2,3,V3,545,13
deet,20161030c1v2,3,V4,990,8
deet,20161030c1v2,4,V2,544,17
deet,20161030c1v2,4,V10,1965,6
deet,20161030c1v2,4,V14,2614,8
deet,20161030c1v2,4,V16,2671,14
deet,20161030c1v2,4,V18,2722,43
deet,20161030c1v2,4,V19,2747,20
deet,20161030c1v2,4,V20,2792,43
deet,20161030c1v2,4,V21,2809,9
deet,20161030c1v2,4,V24,2844,20
deet,20161030c1v2,4,V25,2863,16
deet,20161030c1v2,4,V28,2880,5
deet,20161030c1v2,4,V30,2898,9
deet,20161030c1v2,4,V32,2912,8
deet,20161030c1v2,4,V33,2925,11
deet,20161030c1v2,4,V34,2943,16
deet,20161030c1v2,4,V36,2961,10
deet,20161030c1v2,4,V39,3003,19
deet,20161030c1v2,4,V41,3021,10
deet,20161030c1v2,4,V43,3044,18
deet,20161030c1v2,4,V47,3063,6
deet,20161030c1v2,4,V48,3075,10
deet,20161030c1v2,4,V50,3088,6
deet,20161030c1v2,4,V52,3100,5
deet,20161030c1v2,4,V53,3121,14
deet,20161030c1v2,4,V56,3142,6
deet,20161030c1v2,4,V62,3187,17
deet,20161030c1v2,4,V75,3368,5
deet,20161030c1v2,4,V88,3730,10
deet,20161030c1v2,4,V93,3812,6
deet,20161030c1v2,4,V102,3937,7
deet,20161030c1v2,4,V103,3972,10
deet,20161030c1v2,4,V104,3992,14
deet,20161030c1v2,4,V105,4060,6
deet,20161030c1v2,4,V106,4071,5
deet,20161030c1v2,4,V107,4252,109
deet,20161030c1v2,4,V109,4310,7
deet,20161030c1v2,4,V113,4514,10
deet,20161030c1v2,4,V114,4527,11
deet,20161030c1v2,4,V115,4536,6
deet,20161030c1v2,4,V120,4569,7
deet,20161030c1v2,4,V121,4576,5
deet,20161030c1v2,4,V128,4630,12
deet,20161030c1v2,4,V129,4803,24
deet,20161030c1v2,4,V130,5850,32
deet,20161030c1v2,4,V132,5930,7
deet,20161030c1v2,4,V133,5952,11
deet,20161030c1v2,4,V134,5998,23
deet,20161030c1v2,4,V135,6056,8
deet,20161030c1v2,4,V140,6265,10
deet,20161030c1v2,4,V143,6333,17
deet,20161030c1v2,4,V155,6602,5
deet,20161030c1v2,4,V156,6629,10
deet,20161030c1v2,4,V157,6658,5
deet,20161030c1v2,4,V163,6738,5
deet,20161030c1v2,4,V179,7041,23
deet,20161030c1v2,4,V181,7069,21
deet,20161030c1v2,4,V182,7085,11
deet,20161030c1v2,4,V184,7101,5
deet,20161030c1v2,4,V185,7110,6
deet,20161030c1v2,4,V188,7133,7
deet,20161030c1v2,4,V194,7178,6
deet,20161030c1v2,4,V197,7206,11
deet,20161030c1v2,4,V204,7253,6
deet,20161030c1v2,4,V205,7279,20
deet,20161030c1v2,4,V206,7295,7
deet,20161030c1v2,4,V207,7308,7
deet,20161030c1v2,4,V209,7321,8
deet,20161030c1v2,4,V217,7379,16
deet,20161030c1v2,4,V218,7399,10
deet,20161030c1v2,4,V219,7414,13
deet,20161030c1v2,4,V220,7424,7
deet,20161030c1v2,4,V221,7431,5
deet,20161030c1v2,4,V223,7450,8
deet,20161030c1v2,4,V224,7469,12
deet,20161030c1v2,4,V227,7503,10
deet,20161030c1v2,4,V228,7513,8
deet,20161030c1v2,4,V230,7537,17
deet,20161030c1v2,4,V233,7561,13
deet,20161030c1v2,4,V234,7577,9
deet,20161030c1v2,4,V235,7590,6
deet,20161030c1v2,4,V236,7599,7
deet,20161030c1v2,4,V237,7627,19
deet,20161030c1v2,4,V243,7657,5
deet,20161030c1v2,4,V244,7669,10
deet,20161030c1v2,4,V246,7685,7
deet,20161030c1v2,4,V247,7696,9
deet,20161030c1v2,4,V250,7712,6
deet,20161030c1v2,4,V262,7854,8
deet,20161030c1v2,4,V263,7899,8
deet,20161030c1v2,4,V267,7926,5
deet,20161030c1v2,4,V272,7962,6
deet,20161030c1v2,4,V274,7978,8
deet,20161030c1v2,4,V276,8013,10
deet,20161030c1v2,4,V277,8026,5
deet,20161030c1v2,4,V278,8061,24
deet,20161030c1v2,4,V280,8074,7
deet,20161030c1v2,4,V283,8115,29
deet,20161030c1v2,4,V288,8157,18
deet,20161030c1v2,4,V289,8174,15
deet,20161030c1v2,4,V290,8190,14
deet,20161030c1v2,4,V292,8203,8
deet,20161030c1v2,4,V295,8242,24
deet,20161030c1v2,4,V302,8281,6
deet,20161030c1v2,4,V303,8290,5
deet,20161030c1v2,4,V306,8317,14
deet,20161030c1v2,4,V307,8327,6
deet,20161030c1v2,4,V308,8334,5
deet,20161030c1v2,4,V310,8364,6
deet,20161030c1v2,4,V323,8487,15
deet,20161030c1v2,4,V325,8505,6
deet,20161030c1v2,4,V326,8517,10
deet,20161030c1v2,4,V329,8535,6
deet,20161030c1v2,4,V330,8579,42
deet,20161030c1v2,4,V332,8589,5
deet,20161030c1v2,4,V333,8598,5
deet,20161030c1v2,4,V334,8628,22
deet,20161030c1v2,4,V337,8646,5
deet,20161030c1v2,4,V341,8686,27
deet,20161030c1v2,4,V342,8693,5
deet,20161030c1v2,4,V348,8735,14
deet,20161030c1v2,4,V349,8752,15
deet,20161030c1v2,4,V350,8769,9
deet,20161030c1v2,4,V351,8787,11
deet,20161030c1v2,4,V352,8799,8
deet,20161030c1v2,4,V354,8814,6
deet,20161030c1v2,4,V355,8828,12
deet,20161030c1v2,4,V356,8851,20
deet,20161030c1v2,4,V357,8868,15
deet,20161030c1v2,4,V361,8892,6
deet,20161030c1v2,4,V367,8921,5
deet,20161030c1v2,4,V368,8934,11
deet,20161030c1v2,4,V370,8959,20
deet,20161030c1v2,4,V371,8982,17
deet,20161030c1v2,4,V373,8998,5
deet,20161030c1v2,4,V374,9009,8
deet,20161030c1v2,4,V375,9017,6
deet,20161030c1v2,4,V376,9038,8
deet,20161030c1v2,4,V377,9056,16
deet,20161030c1v2,4,V379,9073,10
deet,20161030c1v2,4,V391,9186,6
deet,20161030c1v2,4,V394,9219,6
deet,20161030c1v2,4,V395,9240,7
deet,20161030c1v2,4,V400,9412,5
deet,20161030c1v2,4,V404,9495,5
deet,20161030c1v2,4,V405,9506,9
deet,20161030c1v2,4,V407,9727,7
deet,20161030c1v2,4,V409,9783,13
deet,20161030c1v2,4,V413,9906,5
deet,20161030c1v2,4,V418,10202,9
deet,20161030c1v2,4,V420,10236,9
deet,20161030c1v2,4,V424,10512,9
deet,20161030c1v2,4,V426,10525,7
deet,20161030c1v2,4,V429,10553,9
deet,20161030c1v2,4,V430,10560,5
deet,20161030c1v2,4,V433,10590,7
deet,20161030c1v2,4,V440,10667,7
deet,20161030c1v2,4,V445,10743,8
deet,20161030c1v2,4,V446,10777,6
deet,20161030c1v2,5,V2,1167,30
etoh,20161030c2v2,1,V20,9143,9
etoh,20161030c2v2,1,V22,9175,5
etoh,20161030c2v2,1,V28,9266,14
etoh,20161030c2v2,1,V30,9283,7
etoh,20161030c2v2,1,V34,9313,14
etoh,20161030c2v2,1,V48,9412,5
etoh,20161030c2v2,1,V53,9451,5
etoh,20161030c2v2,1,V54,9465,8
etoh,20161030c2v2,1,V55,9474,7
etoh,20161030c2v2,1,V56,9486,8
etoh,20161030c2v2,1,V58,9498,6
etoh,20161030c2v2,1,V61,9520,5
etoh,20161030c2v2,1,V67,9556,5
etoh,20161030c2v2,1,V68,9564,6
etoh,20161030c2v2,1,V70,9598,28
etoh,20161030c2v2,1,V74,9639,25
etoh,20161030c2v2,1,V75,9677,36
etoh,20161030c2v2,1,V76,9692,11
etoh,20161030c2v2,1,V77,9707,5
etoh,20161030c2v2,1,V78,9739,28
etoh,20161030c2v2,1,V79,9747,6
etoh,20161030c2v2,1,V80,9757,8
etoh,20161030c2v2,1,V82,9810,5
etoh,20161030c2v2,1,V83,9820,8
etoh,20161030c2v2,1,V84,9842,19
etoh,20161030c2v2,1,V85,9855,5
etoh,20161030c2v2,1,V86,9885,28
etoh,20161030c2v2,1,V98,9990,5
etoh,20161030c2v2,1,V100,10003,8
etoh,20161030c2v2,1,V102,10014,5
etoh,20161030c2v2,1,V103,10024,8
etoh,20161030c2v2,1,V105,10041,5
etoh,20161030c2v2,1,V106,10055,8
etoh,20161030c2v2,1,V110,10083,11
etoh,20161030c2v2,1,V111,10101,16
etoh,20161030c2v2,1,V112,10117,12
etoh,20161030c2v2,1,V121,10231,6
etoh,20161030c2v2,1,V122,10240,6
etoh,20161030c2v2,1,V124,10265,6
etoh,20161030c2v2,1,V125,10276,5
etoh,20161030c2v2,1,V128,10301,7
etoh,20161030c2v2,1,V142,10377,6
etoh,20161030c2v2,1,V147,10426,5
etoh,20161030c2v2,1,V149,10443,6
etoh,20161030c2v2,1,V152,10472,9
etoh,20161030c2v2,1,V153,10483,8
etoh,20161030c2v2,1,V161,10570,5
etoh,20161030c2v2,1,V171,10674,12
etoh,20161030c2v2,1,V172,10684,8
etoh,20161030c2v2,1,V173,10727,9
etoh,20161030c2v2,1,V181,10777,7
etoh,20161030c2v2,1,V183,10792,7
etoh,20161030c2v2,2,V2,1108,8
etoh,20161030c2v2,2,V4,1189,8
etoh,20161030c2v2,2,V6,1211,11
etoh,20161030c2v2,2,V7,1468,5
etoh,20161030c2v2,2,V12,1499,5
etoh,20161030c2v2,2,V14,1511,7
etoh,20161030c2v2,3,V2,524,75
etoh,20161030c2v2,4,V2,3131,118
etoh,20161030c2v2,4,V4,7205,59
etoh,20161030c2v2,6,V3,472,23
etoh,20161030c2v2,6,V5,2527,6
etoh,20161030c2v2,6,V11,2706,20
etoh,20161030c2v2,6,V12,2715,7
etoh,20161030c2v2,6,V13,2763,39
etoh,20161030c2v2,6,V14,2770,5
etoh,20161030c2v2,6,V16,3084,303
deet,20161030c3v2,1,V1,106,105
deet,20161030c3v2,1,V3,968,360
deet,20161030c3v2,1,V6,1256,5
deet,20161030c3v2,1,V25,5917,1291
deet,20161030c3v2,1,V35,6125,13
deet,20161030c3v2,1,V36,6134,6
deet,20161030c3v2,1,V38,7458,1301
deet,20161030c3v2,1,V39,7470,5
deet,20161030c3v2,1,V40,7556,24
deet,20161030c3v2,1,V42,7589,13
deet,20161030c3v2,1,V45,7685,5
deet,20161030c3v2,1,V49,7754,9
deet,20161030c3v2,1,V58,7869,8
deet,20161030c3v2,1,V63,7926,7
deet,20161030c3v2,1,V64,7946,15
deet,20161030c3v2,1,V70,7998,16
deet,20161030c3v2,1,V76,8059,7
deet,20161030c3v2,1,V78,8089,5
deet,20161030c3v2,1,V83,8145,5
deet,20161030c3v2,1,V87,8189,5
deet,20161030c3v2,1,V88,8208,14
deet,20161030c3v2,1,V95,8289,7
deet,20161030c3v2,1,V98,8311,10
deet,20161030c3v2,1,V99,8322,6
deet,20161030c3v2,1,V106,8389,19
deet,20161030c3v2,1,V107,8402,10
deet,20161030c3v2,1,V110,8424,8
deet,20161030c3v2,1,V119,8505,16
deet,20161030c3v2,1,V120,8513,6
deet,20161030c3v2,1,V123,8574,18
deet,20161030c3v2,1,V125,8599,16
deet,20161030c3v2,1,V126,8608,7
deet,20161030c3v2,1,V128,8672,20
deet,20161030c3v2,1,V132,8702,7
deet,20161030c3v2,1,V144,8828,5
deet,20161030c3v2,1,V148,8864,6
deet,20161030c3v2,1,V151,8935,7
deet,20161030c3v2,1,V154,8967,5
deet,20161030c3v2,1,V162,9012,6
deet,20161030c3v2,1,V164,9024,6
deet,20161030c3v2,1,V165,9053,10
deet,20161030c3v2,1,V167,9076,6
deet,20161030c3v2,1,V168,9095,6
deet,20161030c3v2,1,V170,9125,5
deet,20161030c3v2,1,V176,9173,6
deet,20161030c3v2,1,V179,9198,14
deet,20161030c3v2,1,V181,9231,15
deet,20161030c3v2,1,V182,9247,14
deet,20161030c3v2,1,V185,9309,14
deet,20161030c3v2,1,V186,9318,5
deet,20161030c3v2,1,V187,9359,11
deet,20161030c3v2,1,V188,9405,44
deet,20161030c3v2,1,V189,9413,6
deet,20161030c3v2,1,V191,9426,7
deet,20161030c3v2,1,V194,9456,17
deet,20161030c3v2,1,V199,9483,5
deet,20161030c3v2,1,V203,9509,6
deet,20161030c3v2,1,V204,9522,6
deet,20161030c3v2,1,V206,9539,7
deet,20161030c3v2,1,V209,9554,6
deet,20161030c3v2,1,V211,9569,10
deet,20161030c3v2,1,V216,9601,12
deet,20161030c3v2,1,V220,9630,8
deet,20161030c3v2,1,V221,9652,15
deet,20161030c3v2,1,V224,9683,19
deet,20161030c3v2,1,V225,9708,23
deet,20161030c3v2,1,V227,9726,7
deet,20161030c3v2,1,V231,9760,16
deet,20161030c3v2,1,V233,9776,5
deet,20161030c3v2,1,V234,9790,8
deet,20161030c3v2,1,V237,9829,9
deet,20161030c3v2,1,V246,10001,7
deet,20161030c3v2,1,V249,10097,8
deet,20161030c3v2,1,V250,10149,5
deet,20161030c3v2,1,V255,10219,26
deet,20161030c3v2,1,V263,10325,13
deet,20161030c3v2,1,V267,10348,8
deet,20161030c3v2,1,V268,10370,15
deet,20161030c3v2,1,V270,10380,5
deet,20161030c3v2,1,V271,10387,5
deet,20161030c3v2,1,V273,10412,19
deet,20161030c3v2,1,V275,10441,18
deet,20161030c3v2,1,V276,10455,7
deet,20161030c3v2,1,V279,10480,12
deet,20161030c3v2,1,V290,10580,8
deet,20161030c3v2,1,V293,10618,5
deet,20161030c3v2,1,V294,10627,6
etoh,20161030c4v2,1,V2,772,5
etoh,20161030c4v2,1,V4,872,13
etoh,20161030c4v2,1,V6,885,6
etoh,20161030c4v2,1,V7,893,6
etoh,20161030c4v2,1,V11,928,9
etoh,20161030c4v2,1,V12,935,5
etoh,20161030c4v2,1,V15,958,7
etoh,20161030c4v2,1,V20,1008,9
etoh,20161030c4v2,1,V26,1043,7
etoh,20161030c4v2,1,V27,1056,7
etoh,20161030c4v2,1,V28,1066,8
etoh,20161030c4v2,1,V30,1077,6
etoh,20161030c4v2,1,V34,1102,10
etoh,20161030c4v2,1,V35,1114,6
etoh,20161030c4v2,1,V36,1129,10
etoh,20161030c4v2,1,V38,1143,5
etoh,20161030c4v2,1,V39,1158,12
etoh,20161030c4v2,1,V40,1206,38
etoh,20161030c4v2,1,V41,1246,35
etoh,20161030c4v2,1,V44,1274,13
etoh,20161030c4v2,1,V45,1298,22
etoh,20161030c4v2,1,V46,1309,9
etoh,20161030c4v2,1,V49,1338,19
etoh,20161030c4v2,1,V51,1380,33
etoh,20161030c4v2,1,V53,1405,20
etoh,20161030c4v2,1,V54,1421,10
etoh,20161030c4v2,1,V55,1438,10
etoh,20161030c4v2,1,V57,1449,6
etoh,20161030c4v2,1,V59,1464,10
etoh,20161030c4v2,1,V60,1484,18
etoh,20161030c4v2,1,V63,1501,6
etoh,20161030c4v2,2,V3,1732,5
etoh,20161030c4v2,2,V9,1885,13
etoh,20161030c4v2,2,V10,1931,7
etoh,20161030c4v2,2,V13,1978,8
etoh,20161030c4v2,2,V15,2031,22
etoh,20161030c4v2,2,V17,2063,22
etoh,20161030c4v2,2,V18,2099,7
etoh,20161030c4v2,2,V19,2116,10
etoh,20161030c4v2,2,V20,2124,6
etoh,20161030c4v2,2,V21,2135,7
etoh,20161030c4v2,2,V22,2150,13
etoh,20161030c4v2,2,V23,2164,11
etoh,20161030c4v2,2,V28,2202,5
etoh,20161030c4v2,2,V29,2222,18
etoh,20161030c4v2,2,V30,2263,39
etoh,20161030c4v2,2,V32,2278,7
etoh,20161030c4v2,2,V34,2288,5
etoh,20161030c4v2,2,V35,2301,11
etoh,20161030c4v2,2,V37,2313,5
etoh,20161030c4v2,2,V38,2331,15
etoh,20161030c4v2,2,V39,2352,18
etoh,20161030c4v2,2,V41,2382,21
etoh,20161030c4v2,2,V42,2409,25
etoh,20161030c4v2,2,V43,2488,74
etoh,20161030c4v2,2,V44,2591,52
etoh,20161030c4v2,2,V45,2922,19
etoh,20161030c4v2,2,V46,3048,23
etoh,20161030c4v2,3,V4,268,5
etoh,20161030c4v2,3,V7,2126,9
etoh,20161030c4v2,3,V14,2502,7
etoh,20161030c4v2,3,V15,2510,5
etoh,20161030c4v2,3,V17,2523,5
etoh,20161030c4v2,3,V20,2544,5
etoh,20161030c4v2,3,V22,2565,7
etoh,20161030c4v2,3,V24,2582,11
etoh,20161030c4v2,3,V28,2687,52
etoh,20161030c4v2,3,V30,2732,7
etoh,20161030c4v2,3,V38,2824,7
etoh,20161030c4v2,3,V51,2906,5
etoh,20161030c4v2,3,V52,2916,5
etoh,20161030c4v2,3,V56,2953,10
etoh,20161030c4v2,3,V57,2975,20
etoh,20161030c4v2,3,V60,2999,11
etoh,20161030c4v2,4,V1,129,7
etoh,20161030c4v2,4,V6,170,6
etoh,20161030c4v2,4,V14,246,5
etoh,20161030c4v2,4,V25,446,6
etoh,20161030c4v2,4,V26,455,5
etoh,20161030c4v2,4,V34,816,7