0.68646,0.26408,0.61451,0.0089556,0.69835,0.55773,0.36422,0.57063
0.69103,0.27289,0.63526,-0.0076541,0.68413,0.48316,0.36246,0.52785
0.68245,0.275,0.661,0.0059281,0.67599,0.44776,0.35266,0.52687
0.64322,0.26498,0.67865,0.014169,0.6696,0.46745,0.33589,0.52713
0.59772,0.26074,0.67798,0.030196,0.66807,0.49097,0.3279,0.50566
0.55885,0.25456,0.68345,0.0375,0.65925,0.45677,0.31922,0.47999
0.51956,0.24886,0.69122,0.05353,0.64626,0.44077,0.30861,0.46165
0.47645,0.2433,0.70467,0.063992,0.63619,0.46042,0.30841,0.43248
0.43172,0.24222,0.71334,0.074689,0.62113,0.45235,0.31218,0.40003
0.38435,0.24125,0.73828,0.088105,0.60392,0.46262,0.31669,0.35786
0.3432,0.24262,0.75752,0.09637,0.58555,0.41952,0.31525,0.31522
0.2992,0.24684,0.78428,0.10404,0.56926,0.40971,0.32177,0.26883
0.26793,0.24656,0.8187,0.11729,0.54734,0.40872,0.32504,0.22701
0.24533,0.24754,0.84357,0.11147,0.5282,0.36542,0.32361,0.195
0.23174,0.25051,0.87538,0.11543,0.50586,0.37647,0.32314,0.16541
0.20704,0.25376,0.90213,0.12001,0.48915,0.35385,0.33012,0.1352
0.18785,0.25751,0.92711,0.11721,0.46692,0.34364,0.33058,0.10895
0.17095,0.25785,0.94467,0.11881,0.44401,0.3416,0.32427,0.08727
0.15796,0.2576,0.94994,0.12825,0.42307,0.33245,0.31752,0.075989
0.15038,0.25902,0.96147,0.13569,0.40269,0.33251,0.31896,0.066046
0.14712,0.26374,0.95005,0.15233,0.36813,0.32045,0.3189,0.058131
0.13727,0.27154,0.93621,0.16704,0.33656,0.31798,0.31866,0.046985
0.12829,0.2774,0.92602,0.18209,0.30572,0.31242,0.31916,0.036629
0.1224,0.28609,0.90525,0.20409,0.27905,0.30259,0.32038,0.02875
0.12658,0.2903,0.87308,0.22918,0.24874,0.31644,0.31345,0.022217
0.12762,0.29101,0.8395,0.26467,0.22986,0.30264,0.30705,0.019605
0.12692,0.28955,0.80367,0.28886,0.21031,0.3014,0.3035,0.017745
0.12818,0.2868,0.76469,0.30957,0.19662,0.30838,0.30142,0.016952
0.12823,0.28085,0.7171,0.34154,0.17858,0.30929,0.29689,0.015663
0.14018,0.27266,0.68031,0.35471,0.17319,0.32074,0.30087,0.020305
0.14739,0.25877,0.64161,0.36519,0.17122,0.29746,0.29847,0.026835
0.15374,0.24803,0.60586,0.38406,0.16942,0.30261,0.30623,0.033657
0.15837,0.23378,0.57354,0.39164,0.16755,0.31193,0.31022,0.046617
0.16193,0.21988,0.5528,0.38614,0.16581,0.31175,0.32228,0.059825
0.16544,0.21161,0.52834,0.37773,0.15312,0.3298,0.31765,0.078066
0.17586,0.20569,0.50811,0.3766,0.15072,0.32758,0.32062,0.091805
0.17615,0.19831,0.49647,0.37053,0.14048,0.30432,0.32282,0.099781
0.18526,0.19497,0.48912,0.36924,0.13666,0.31029,0.32513,0.10958
0.18492,0.19433,0.49645,0.36914,0.13246,0.30587,0.3181,0.11437
0.18896,0.19654,0.50418,0.36939,0.12691,0.32411,0.32153,0.12376
0.19058,0.19865,0.50729,0.36739,0.11512,0.34061,0.31316,0.12482
0.18889,0.20611,0.50997,0.36148,0.10939,0.33361,0.31442,0.11388
0.19615,0.21439,0.51028,0.36794,0.10708,0.30809,0.30878,0.10776
0.19937,0.2163,0.51831,0.38163,0.11727,0.28096,0.3245,0.094516
0.20409,0.21566,0.52361,0.39198,0.12308,0.28115,0.34133,0.083324
0.21626,0.21796,0.5257,0.40916,0.12988,0.29125,0.35264,0.072072
0.21713,0.21747,0.51516,0.41537,0.14078,0.325,0.37453,0.061554
0.2124,0.21336,0.49355,0.43635,0.1445,0.31519,0.40164,0.052052
0.21415,0.20995,0.47721,0.46421,0.14659,0.32757,0.42543,0.04052
0.21533,0.20914,0.46127,0.48955,0.15785,0.31348,0.45548,0.035305
0.22003,0.20406,0.4505,0.51658,0.16853,0.30817,0.48359,0.029074
0.22002,0.19997,0.44342,0.53698,0.17841,0.30891,0.50762,0.023539
0.22799,0.19948,0.43492,0.54508,0.17694,0.31159,0.53165,0.012464
0.22891,0.19944,0.446,0.56443,0.17446,0.3139,0.54712,0.011044
0.23529,0.19801,0.45374,0.57143,0.16678,0.29289,0.56545,0.0095629
0.24297,0.19806,0.47736,0.57546,0.15488,0.2539,0.56699,0.0087362
0.25528,0.19984,0.50639,0.58728,0.14884,0.23614,0.57592,0.012477
0.27255,0.19777,0.53277,0.5875,0.14777,0.22241,0.56892,0.014809
0.29532,0.19354,0.56432,0.58694,0.13968,0.20274,0.56648,0.011295
0.31424,0.18856,0.59026,0.58789,0.13046,0.20104,0.56444,0.018707
0.32446,0.18198,0.61261,0.5934,0.12836,0.21048,0.56446,0.016418
0.33539,0.17502,0.62696,0.61235,0.1315,0.23058,0.5588,0.019886
0.35311,0.17309,0.62644,0.60985,0.13633,0.22837,0.54863,0.013445
0.36982,0.16922,0.62124,0.62292,0.1559,0.25144,0.54776,0.0084948
0.39206,0.1662,0.60464,0.63738,0.18227,0.24021,0.54821,0.00086323
0.42306,0.1609,0.5793,0.64182,0.21357,0.25758,0.53338,-0.0057961
0.45317,0.16144,0.56174,0.65822,0.23861,0.26574,0.53374,-0.0098914
0.47559,0.16174,0.53778,0.67251,0.26319,0.27658,0.5188,-0.0063831
0.49654,0.16274,0.51356,0.70103,0.284,0.27285,0.50511,-0.0011437
0.52223,0.16566,0.49024,0.72929,0.29301,0.27923,0.49137,0.0035159
0.53804,0.16885,0.46611,0.75196,0.29644,0.27177,0.47038,0.0091517
0.55474,0.17026,0.43785,0.79147,0.30321,0.2411,0.45726,0.022186
0.566,0.17002,0.42307,0.8144,0.29514,0.22461,0.43657,0.036509
0.56343,0.16878,0.41441,0.83525,0.2807,0.20995,0.4135,0.062253
0.55231,0.16976,0.4096,0.85625,0.25703,0.21908,0.40126,0.080013
0.53075,0.17138,0.39716,0.86949,0.236,0.19713,0.39062,0.10236
0.5118,0.17132,0.39052,0.87804,0.21438,0.21082,0.38182,0.12349
0.49837,0.17061,0.38419,0.88864,0.18891,0.20746,0.37093,0.14182
0.48829,0.16871,0.37841,0.88689,0.16804,0.19043,0.36378,0.1661
0.4829,0.164,0.38197,0.87865,0.15389,0.1749,0.35955,0.19876
0.46158,0.15808,0.38742,0.86617,0.1373,0.2041,0.35765,0.22791
0.44482,0.15595,0.37964,0.85067,0.13468,0.18877,0.34836,0.25954
0.43148,0.1536,0.36318,0.83572,0.13627,0.19148,0.34952,0.28541
0.42511,0.15096,0.35001,0.81212,0.14235,0.17425,0.3422,0.31447
0.42122,0.14547,0.33516,0.78294,0.15098,0.13609,0.33314,0.33892
0.41806,0.14264,0.31864,0.75893,0.16999,0.081805,0.31707,0.35931
0.41894,0.1417,0.31043,0.7216,0.20208,0.072475,0.30658,0.38149
0.41224,0.13867,0.30424,0.68572,0.23848,0.055486,0.29635,0.40778
0.40806,0.14179,0.29318,0.65049,0.28273,0.05022,0.28193,0.4285
0.41396,0.14594,0.28747,0.6059,0.32294,0.02374,0.26126,0.43982
0.418,0.14735,0.27811,0.56116,0.36251,0.023653,0.24997,0.44987
0.41841,0.14743,0.27262,0.52587,0.39833,0.010035,0.23724,0.45471
0.41342,0.14637,0.27407,0.49936,0.43617,0.004421,0.22863,0.45641
0.40306,0.14639,0.27367,0.46651,0.47065,0.01587,0.21601,0.45414
0.39499,0.14428,0.27845,0.44156,0.49263,0.016065,0.22533,0.45793
0.38104,0.14106,0.26979,0.42015,0.49867,0.0077048,0.22922,0.46251
0.36386,0.13975,0.26318,0.39416,0.50352,0.0080096,0.22656,0.46658
0.34985,0.13477,0.25923,0.38174,0.49131,-0.013517,0.23912,0.47021
0.33026,0.13104,0.25239,0.37097,0.481,-0.016874,0.24667,0.48542
0.30578,0.1288,0.24888,0.37659,0.4627,-0.013715,0.2528,0.49705
0.29567,0.12594,0.25432,0.37714,0.43238,0.026458,0.26355,0.50427
0.28864,0.12582,0.24925,0.37325,0.39769,0.026721,0.27911,0.51184
0.28578,0.12753,0.24024,0.39036,0.36046,0.034307,0.30211,0.52775
0.27637,0.13037,0.22741,0.40155,0.32597,0.040801,0.31436,0.53849
0.26212,0.13191,0.22912,0.40712,0.30498,0.055196,0.32123,0.54769
0.2635,0.13457,0.22096,0.43112,0.28876,0.069632,0.32649,0.54674
0.26513,0.13682,0.21162,0.44708,0.27743,0.073634,0.33175,0.54268
0.27595,0.13619,0.19624,0.47644,0.26771,0.070116,0.35237,0.53172
0.29151,0.13684,0.19106,0.4932,0.25762,0.082292,0.36882,0.52275
0.29334,0.13778,0.17556,0.50949,0.25861,0.053331,0.37858,0.51721
0.29601,0.13527,0.16448,0.53384,0.26608,0.036194,0.38448,0.51166
0.29292,0.12929,0.16088,0.54239,0.26872,0.050866,0.38345,0.5033
0.29488,0.12318,0.15916,0.53748,0.27188,0.075308,0.37961,0.501
0.30461,0.11949,0.14536,0.53307,0.26722,0.067036,0.38196,0.49592
0.31321,0.11294,0.14453,0.52442,0.24829,0.061083,0.38888,0.50171
0.30789,0.10976,0.13344,0.49838,0.2307,0.08932,0.3883,0.50945
0.29914,0.10454,0.12829,0.47296,0.21615,0.10997,0.37451,0.52355
0.28563,0.098894,0.12186,0.45819,0.19756,0.10089,0.35742,0.53947
0.28058,0.095735,0.11886,0.43819,0.17877,0.097686,0.34779,0.56574
0.27248,0.092991,0.10888,0.41017,0.1541,0.092961,0.33155,0.5928
0.26123,0.088038,0.10113,0.39034,0.13296,0.068076,0.31894,0.61529
0.25093,0.084208,0.093222,0.39281,0.12089,0.034045,0.3041,0.63119
0.23099,0.077964,0.091953,0.40458,0.11412,0.031894,0.2869,0.65224
0.203,0.075462,0.07659,0.41581,0.11629,0.02953,0.27437,0.67219
0.18806,0.068105,0.071737,0.445,0.11839,-0.00016052,0.26408,0.69682
0.17216,0.066953,0.062782,0.46832,0.12084,-0.031009,0.25995,0.71965
0.1526,0.067936,0.05696,0.48433,0.12968,-0.054417,0.26193,0.74325
0.13826,0.068222,0.049672,0.50628,0.13611,-0.047943,0.25922,0.7608
0.11404,0.068322,0.049617,0.52021,0.1402,-0.037998,0.26841,0.78407
0.098908,0.070728,0.041843,0.52593,0.14104,-0.049427,0.27791,0.81468
0.079391,0.073579,0.035423,0.52786,0.14131,-0.038044,0.28594,0.84625
0.069755,0.075339,0.023532,0.52782,0.13605,-0.044781,0.29538,0.87073
0.059858,0.078985,0.022083,0.51914,0.12565,-0.077781,0.29452,0.89925
0.045255,0.083245,0.02418,0.49891,0.11524,-0.075641,0.3017,0.91582
0.034498,0.086771,0.028594,0.47771,0.10068,-0.072482,0.30318,0.92339
0.037627,0.086705,0.031224,0.46499,0.080339,-0.072591,0.30057,0.92835
0.0366,0.087559,0.041628,0.44792,0.064572,-0.083386,0.29416,0.93321
0.044283,0.088276,0.045426,0.45292,0.059122,-0.056965,0.27853,0.92629
0.053905,0.088504,0.054446,0.47643,0.065518,-0.037401,0.26728,0.90773
0.066367,0.086979,0.060722,0.49554,0.071927,-0.051983,0.25707,0.88046
0.085486,0.087995,0.074487,0.51207,0.079161,-0.048006,0.24073,0.85778
0.10615,0.089684,0.08859,0.53693,0.086994,-0.0030892,0.23676,0.82084
0.12362,0.090761,0.093733,0.56112,0.091335,-0.0062815,0.2276,0.78801
0.13606,0.087802,0.10016,0.57893,0.089455,0.0053244,0.22018,0.75588
0.13499,0.08583,0.10097,0.58926,0.089995,0.023489,0.22131,0.72241
0.13399,0.084444,0.10138,0.59511,0.090838,0.0578,0.21625,0.67907
0.12872,0.082786,0.10219,0.59154,0.090554,0.03292,0.21131,0.64002
0.12484,0.082347,0.10685,0.57195,0.092093,0.046304,0.20425,0.60072
0.10922,0.08127,0.10635,0.5653,0.08749,0.077956,0.20335,0.57047
0.08712,0.08336,0.10478,0.55836,0.086635,0.074611,0.20739,0.53121
0.067125,0.078701,0.097616,0.55255,0.091991,0.05636,0.20853,0.49608
0.044679,0.078126,0.094092,0.56698,0.1085,0.055004,0.2009,0.46639
0.028689,0.079172,0.088923,0.58377,0.13173,0.057703,0.19403,0.44432
0.017463,0.07988,0.091365,0.59642,0.16326,0.059291,0.18935,0.42234
0.00082722,0.081147,0.089658,0.62984,0.19663,0.044333,0.19044,0.41491
-0.01104,0.081773,0.089994,0.65974,0.22616,0.055865,0.20462,0.40682
-0.021386,0.084556,0.090164,0.70283,0.24972,0.040922,0.22028,0.40301
-0.020211,0.08783,0.09342,0.73641,0.27711,0.025436,0.2395,0.40777
-0.03033,0.092818,0.091853,0.76034,0.29837,0.036564,0.26265,0.42303
-0.037466,0.099693,0.095585,0.79068,0.32216,0.02795,0.28162,0.44151
-0.040716,0.10825,0.095669,0.81092,0.34154,0.03359,0.30278,0.45347
-0.044235,0.11693,0.091445,0.82959,0.35206,0.031029,0.32638,0.45823
-0.046663,0.12556,0.084483,0.84865,0.35583,0.020111,0.34729,0.47612
-0.047714,0.13397,0.072242,0.85516,0.35287,0.020158,0.37368,0.47684
-0.044222,0.14548,0.069129,0.85806,0.34553,0.020666,0.38488,0.48261
-0.045795,0.15256,0.059104,0.84532,0.33644,0.039084,0.38861,0.48361
-0.050685,0.16136,0.056469,0.83439,0.31987,0.059096,0.38653,0.47718
-0.050813,0.16373,0.056751,0.82476,0.29937,0.077406,0.38824,0.46301
-0.052178,0.16727,0.054422,0.79117,0.27231,0.12131,0.38633,0.44433
-0.055594,0.16932,0.059771,0.76131,0.24224,0.13397,0.38176,0.42351
-0.055351,0.1681,0.07431,0.73157,0.21385,0.12618,0.36999,0.4083
-0.059284,0.16883,0.083572,0.69618,0.18936,0.13256,0.35772,0.37912
-0.065471,0.16573,0.10186,0.65623,0.16959,0.14291,0.34199,0.35645
-0.071218,0.16247,0.10758,0.62004,0.15669,0.14551,0.32871,0.33381
-0.081836,0.15816,0.11537,0.58183,0.14333,0.1184,0.31596,0.31957
-0.089494,0.15375,0.11457,0.54093,0.13934,0.1125,0.3105,0.30597
-0.088601,0.151,0.11028,0.48734,0.14099,0.11549,0.29534,0.29856
-0.093985,0.14939,0.10792,0.45092,0.14667,0.1078,0.28391,0.29223
-0.093561,0.14673,0.10074,0.39864,0.14615,0.098601,0.28026,0.29021
-0.10125,0.14477,0.086766,0.35804,0.15889,0.12273,0.29064,0.28233
-0.10386,0.13994,0.074734,0.32241,0.17546,0.15082,0.30045,0.27718
-0.10248,0.13665,0.060533,0.28977,0.19112,0.14084,0.31589,0.27218
-0.10499,0.13286,0.054535,0.25691,0.2055,0.14479,0.33693,0.25753
-0.10558,0.13112,0.05399,0.2206,0.22094,0.15341,0.3616,0.24246
-0.10139,0.13036,0.050703,0.18379,0.23686,0.16563,0.38445,0.22778
-0.10927,0.12871,0.053395,0.16504,0.25085,0.14167,0.4101,0.21529
-0.11116,0.12535,0.05314,0.1473,0.26382,0.13201,0.44316,0.2053
-0.12039,0.12033,0.052355,0.14324,0.28804,0.12813,0.47766,0.193
-0.12184,0.1174,0.058791,0.12834,0.31046,0.10879,0.5059,0.18651
-0.11211,0.11516,0.062774,0.11225,0.33403,0.069987,0.53227,0.18526
-0.1088,0.11241,0.070013,0.096756,0.35807,0.074845,0.54203,0.18388
-0.11044,0.10792,0.075746,0.076003,0.38541,0.056517,0.54795,0.19016
-0.11118,0.10438,0.075911,0.074049,0.41903,0.056617,0.54041,0.19462
-0.10804,0.10105,0.09867,0.073007,0.45278,0.044666,0.52709,0.19125
-0.10098,0.095903,0.11904,0.078573,0.48667,0.042206,0.50465,0.18268
-0.10282,0.089875,0.13911,0.077816,0.52134,0.044678,0.47345,0.17344
-0.087976,0.085947,0.15903,0.080688,0.55329,0.073557,0.43331,0.1692
-0.089186,0.082524,0.17838,0.07861,0.57938,0.076379,0.38818,0.15251
-0.097207,0.081026,0.20172,0.088618,0.59784,0.10717,0.339,0.13453
-0.092873,0.078392,0.22395,0.090807,0.61801,0.10283,0.30239,0.11958
-0.089802,0.077031,0.24076,0.10532,0.6274,0.097454,0.26688,0.10571
-0.088448,0.077545,0.25821,0.1055,0.63055,0.10936,0.24388,0.092941
-0.089208,0.077748,0.26875,0.10007,0.62267,0.10433,0.21792,0.09513
-0.089417,0.078566,0.27535,0.087896,0.61903,0.12115,0.20659,0.097496
-0.082023,0.082764,0.28279,0.079363,0.60926,0.10557,0.19972,0.096804
-0.082343,0.082408,0.29092,0.060593,0.59442,0.076585,0.20213,0.097898
-0.072748,0.081006,0.29767,0.05321,0.57464,0.091336,0.2009,0.10598
-0.072218,0.080139,0.29769,0.039515,0.55618,0.045357,0.20713,0.11475
-0.073791,0.081777,0.29755,0.030304,0.53112,0.031496,0.20873,0.12705
-0.072438,0.084284,0.30083,0.024055,0.51135,0.040055,0.20949,0.1392
-0.064844,0.08012,0.30974,0.016228,0.49336,0.013987,0.20489,0.15376
-0.061108,0.079281,0.29837,0.0096452,0.47244,0.0091432,0.21055,0.1604
-0.059672,0.079202,0.2931,0.0031058,0.45138,0.0077117,0.20589,0.1657
-0.063011,0.076998,0.28768,-0.00042848,0.43023,0.013046,0.20476,0.18221
-0.070112,0.080059,0.28744,-0.0055208,0.41456,0.023039,0.18836,0.19467
-0.073476,0.081535,0.2845,-0.014269,0.40052,0.015727,0.19012,0.21273
-0.071602,0.080273,0.28625,-0.021011,0.38296,0.027562,0.18443,0.23418
-0.07143,0.081707,0.29442,-0.022845,0.37246,0.039786,0.18139,0.25364
-0.06293,0.084186,0.2972,-0.041108,0.36501,0.03794,0.1765,0.27134
-0.06339,0.092936,0.30198,-0.047183,0.35959,0.059629,0.18089,0.28912
-0.06504,0.09708,0.31979,-0.045367,0.36622,0.075663,0.18218,0.30204
-0.065832,0.10081,0.33837,-0.040954,0.37014,0.057892,0.17778,0.31569
-0.060018,0.11013,0.35312,-0.044494,0.38104,0.054559,0.17652,0.32352
-0.053366,0.11942,0.36421,-0.035489,0.393,0.0612,0.17923,0.32355
-0.058566,0.132,0.37146,-0.032795,0.41296,0.063694,0.17427,0.31781
-0.050871,0.14607,0.38235,-0.029114,0.4398,0.092968,0.16559,0.30204
-0.049303,0.15943,0.38232,-0.028632,0.46457,0.092345,0.16481,0.27553
-0.053532,0.17276,0.38592,-0.022632,0.49146,0.10191,0.16406,0.24424
-0.053783,0.18229,0.38443,-0.017435,0.50965,0.090765,0.16134,0.21113
-0.060767,0.19396,0.3778,-0.01936,0.52174,0.07053,0.15491,0.18591
-0.061513,0.20607,0.37025,-0.019194,0.53533,0.064204,0.15459,0.16234
-0.066117,0.21413,0.35438,-0.0096867,0.54408,0.053495,0.15178,0.13784
-0.070605,0.22173,0.34438,-0.0050496,0.54988,0.035475,0.15062,0.11358
-0.066716,0.22945,0.34017,0.0089352,0.54573,0.027456,0.14789,0.089442
-0.075908,0.23831,0.33017,0.020339,0.53652,0.0096892,0.15212,0.066977
-0.077889,0.24425,0.32421,0.029927,0.52663,-0.0081614,0.15171,0.047882
-0.080125,0.24639,0.31661,0.049028,0.50994,-0.036732,0.15444,0.03286
-0.078772,0.2513,0.30503,0.064919,0.50089,-0.043577,0.15481,0.017292
-0.071092,0.25416,0.29323,0.083525,0.48806,-0.047441,0.1619,-0.003149
-0.07367,0.25574,0.28703,0.10319,0.48031,-0.051035,0.16373,-0.028043
-0.07008,0.25742,0.28485,0.11451,0.47506,-0.054164,0.16077,-0.052347
-0.069435,0.25399,0.28772,0.12241,0.46909,-0.060499,0.16342,-0.073753
-0.064529,0.25039,0.29311,0.11929,0.46638,-0.078873,0.16367,-0.089907
-0.062779,0.24582,0.29428,0.12183,0.46071,-0.10035,0.16857,-0.10082
-0.058401,0.24393,0.29654,0.12629,0.4521,-0.075458,0.16645,-0.11666
-0.058062,0.24199,0.30485,0.10981,0.44856,-0.03837,0.16976,-0.12527
-0.060839,0.24161,0.32195,0.10757,0.44158,-0.026764,0.17283,-0.13731
-0.05964,0.23823,0.34397,0.095846,0.44278,-0.020985,0.16477,-0.15174
-0.05621,0.23533,0.36079,0.084584,0.43923,-0.012296,0.16487,-0.16059
-0.056749,0.23206,0.38845,0.058654,0.42978,-0.0078671,0.16893,-0.16864
-0.059495,0.22855,0.40193,0.039737,0.41609,0.01072,0.17668,-0.17303
-0.062742,0.22292,0.40767,0.034935,0.40299,0.024947,0.17695,-0.17932
-0.059656,0.21457,0.42625,0.017253,0.39412,0.047783,0.17471,-0.18749
-0.059399,0.20321,0.43577,0.0030329,0.38582,0.03656,0.18214,-0.18071
-0.059321,0.19237,0.44099,0.0065377,0.37054,0.030326,0.18974,-0.17472
-0.052737,0.17939,0.44049,-0.0084877,0.35457,0.040392,0.18961,-0.16782
-0.06161,0.16981,0.43161,-0.021338,0.33891,0.062708,0.20124,-0.15046
-0.059851,0.16083,0.42271,-0.032315,0.32658,0.074164,0.20576,-0.13694
-0.059385,0.15117,0.403,-0.029009,0.31221,0.097966,0.21071,-0.12269
-0.050053,0.14508,0.38153,-0.037856,0.30104,0.095262,0.21093,-0.10401
-0.047102,0.13897,0.36783,-0.04544,0.2872,0.1105,0.21411,-0.082274
-0.045879,0.13587,0.34491,-0.050462,0.27156,0.12038,0.2247,-0.058178
-0.046553,0.13685,0.32227,-0.054279,0.25819,0.13935,0.22844,-0.042243
-0.041519,0.14352,0.30103,-0.065878,0.25447,0.14913,0.22326,-0.031913
-0.040876,0.15032,0.28158,-0.070013,0.24278,0.14907,0.21781,-0.018563
-0.0309,0.15378,0.26849,-0.069243,0.22738,0.15651,0.21537,-0.013265
-0.0259,0.15938,0.24841,-0.0813,0.21197,0.17079,0.22426,-0.0031099
-0.0211,0.16679,0.24272,-0.08328,0.20051,0.20104,0.22163,-0.002498
-0.020691,0.17249,0.23639,-0.082177,0.19146,0.21995,0.22252,-0.0046375
-0.012994,0.18482,0.23326,-0.093772,0.189,0.24198,0.23006,-0.0071108
-0.0097273,0.19604,0.23405,-0.09267,0.18744,0.24863,0.22754,-0.018001
-0.0055309,0.20573,0.23241,-0.093089,0.18611,0.25355,0.22747,-0.029185
-0.0082091,0.2146,0.23008,-0.086009,0.17444,0.27344,0.22513,-0.038446
-0.0055086,0.22536,0.23303,-0.083353,0.18265,0.30365,0.2332,-0.046431
0.0015984,0.23924,0.23114,-0.078092,0.19263,0.32463,0.23082,-0.057929
0.0033361,0.25334,0.23787,-0.067966,0.20242,0.31938,0.2262,-0.067038
0.0071777,0.26697,0.23929,-0.063261,0.21159,0.3106,0.22299,-0.072528
0.0075139,0.2847,0.2427,-0.055307,0.21661,0.30319,0.22043,-0.075811
0.0088244,0.29614,0.23692,-0.041066,0.21515,0.28389,0.21705,-0.079401
0.016679,0.30736,0.23445,-0.034361,0.21393,0.29916,0.21373,-0.073803
0.018044,0.31911,0.2431,-0.033565,0.20465,0.29088,0.20798,-0.063082
0.022233,0.32352,0.24826,-0.039972,0.19415,0.28478,0.20417,-0.054989
0.023563,0.32897,0.24143,-0.046897,0.1721,0.25441,0.20217,-0.047984
0.022823,0.33292,0.23596,-0.044854,0.14475,0.24929,0.19551,-0.035332
0.029329,0.33895,0.23843,-0.044659,0.12036,0.24279,0.1845,-0.0326
0.026787,0.34741,0.23726,-0.046244,0.10022,0.23336,0.18363,-0.029986
0.030475,0.35096,0.2349,-0.057847,0.086853,0.25919,0.17674,-0.028005
0.024325,0.35692,0.23548,-0.060927,0.07866,0.25533,0.16576,-0.023884
0.019841,0.36492,0.23653,-0.063382,0.07616,0.25879,0.15258,-0.024821
0.020808,0.37078,0.23322,-0.05857,0.085562,0.26572,0.14428,-0.029178
0.020572,0.37847,0.23015,-0.056738,0.097665,0.29113,0.13442,-0.032708
0.019411,0.38292,0.23262,-0.051101,0.11629,0.31977,0.12571,-0.039644
0.015361,0.38937,0.24099,-0.056372,0.14505,0.30847,0.12323,-0.048257
0.010993,0.39599,0.23528,-0.057751,0.17519,0.32533,0.12243,-0.052716
0.011624,0.39911,0.24064,-0.069202,0.20315,0.34114,0.11909,-0.055464
0.012005,0.40361,0.24837,-0.065929,0.23184,0.326,0.11305,-0.058883
0.019423,0.4048,0.2518,-0.077053,0.25987,0.35297,0.11792,-0.060407
0.019586,0.39978,0.25288,-0.082448,0.27649,0.37846,0.12413,-0.065145
0.021469,0.39354,0.25483,-0.091697,0.29232,0.40807,0.122,-0.074058
0.027455,0.38932,0.25258,-0.090499,0.31096,0.41099,0.12202,-0.083269
0.030792,0.38434,0.2559,-0.091748,0.32763,0.41072,0.12171,-0.089249
0.038683,0.37832,0.24977,-0.087172,0.33845,0.40739,0.11459,-0.094402
0.048201,0.36671,0.25057,-0.088711,0.33977,0.43241,0.1123,-0.10162
0.06175,0.35719,0.2376,-0.077842,0.34581,0.44165,0.10535,-0.10727
0.07924,0.34879,0.22517,-0.058148,0.34624,0.45829,0.10674,-0.11288
0.085763,0.34148,0.21563,-0.037394,0.3482,0.48163,0.09849,-0.12529
0.088734,0.33748,0.21073,-0.031385,0.36065,0.47052,0.088883,-0.13578
0.097751,0.33271,0.20809,-0.0085846,0.37029,0.46776,0.09061,-0.14282
0.1098,0.32563,0.21837,-0.0045204,0.38198,0.44517,0.09244,-0.15258
0.12131,0.31861,0.2152,0.012963,0.39615,0.47531,0.090008,-0.15889
0.12502,0.31116,0.22218,0.017951,0.40887,0.51855,0.10107,-0.15791
0.12554,0.30791,0.22971,0.026718,0.42429,0.52203,0.10892,-0.15803
0.12212,0.30285,0.24187,0.030593,0.43446,0.53864,0.12266,-0.16133
0.10879,0.29417,0.24991,0.017545,0.44858,0.57131,0.13565,-0.16495
0.10581,0.28785,0.25907,0.014145,0.46574,0.54826,0.15173,-0.16249
0.11113,0.27857,0.2561,0.01273,0.47349,0.54808,0.1767,-0.16536
0.10712,0.26977,0.25677,-0.0031432,0.48417,0.54869,0.20241,-0.16003
0.10192,0.26287,0.25592,0.0010066,0.48643,0.5612,0.22709,-0.15369
0.093256,0.2574,0.25642,-0.01217,0.48535,0.508,0.25286,-0.15014
0.090273,0.25135,0.25922,-0.013735,0.48792,0.48347,0.27314,-0.14641
0.077637,0.24467,0.25993,-0.013313,0.48586,0.47705,0.29023,-0.13837
0.076641,0.2409,0.25423,-0.015153,0.47486,0.44608,0.30483,-0.1237
0.076268,0.24196,0.25499,-0.01495,0.4663,0.43716,0.31492,-0.11111
0.077684,0.24079,0.25469,-0.020972,0.45245,0.425,0.32385,-0.099559
0.072999,0.24238,0.26673,-0.025064,0.438,0.42047,0.31693,-0.075604
0.074402,0.2396,0.2716,-0.022469,0.41978,0.41234,0.3041,-0.056514
0.07721,0.24069,0.26889,-0.031549,0.40457,0.41727,0.29556,-0.031313
0.089329,0.24244,0.27706,-0.03634,0.38039,0.45805,0.29007,-0.0076284
0.097987,0.24808,0.27124,-0.041182,0.35733,0.46103,0.28465,0.0068744
0.11913,0.25215,0.27095,-0.042544,0.34187,0.46806,0.28049,0.019865
0.12593,0.25174,0.28467,-0.047699,0.32885,0.48478,0.28115,0.030608
0.13905,0.25001,0.2887,-0.052667,0.31493,0.45284,0.28398,0.049124
0.14919,0.24538,0.29555,-0.046266,0.2998,0.48827,0.29479,0.065888
0.16533,0.2409,0.29612,-0.037623,0.28917,0.52071,0.32307,0.075902
0.17652,0.242,0.29779,-0.038344,0.27851,0.5398,0.34099,0.088866
0.17976,0.23932,0.29098,-0.027746,0.26734,0.53306,0.3614,0.10428
0.17656,0.23348,0.28645,-0.023122,0.26223,0.53757,0.37351,0.12226
0.175,0.22835,0.28882,-0.021699,0.25879,0.52869,0.38982,0.15346
0.16784,0.22305,0.28438,-0.022375,0.25497,0.5347,0.40984,0.18658
0.16552,0.21802,0.26334,-0.0083931,0.25482,0.54439,0.42575,0.23193
0.16009,0.21597,0.25911,0.018732,0.25155,0.56762,0.43915,0.27431
0.15524,0.2148,0.24576,0.0198,0.24537,0.56162,0.44908,0.32333
0.14866,0.21586,0.23979,0.025917,0.24166,0.5658,0.44549,0.37507
0.15059,0.21578,0.23331,0.030841,0.23169,0.59414,0.45204,0.42245
0.15413,0.21463,0.23853,0.030023,0.22416,0.6071,0.45385,0.46775
0.16149,0.21593,0.22751,0.033688,0.21791,0.61942,0.46233,0.50865
0.16814,0.21052,0.21983,0.038296,0.20318,0.6445,0.47748,0.54034
0.18332,0.21062,0.20297,0.046476,0.1904,0.65799,0.48943,0.56893
0.19619,0.21221,0.18939,0.040594,0.17801,0.64983,0.50221,0.58165
0.20988,0.21026,0.18115,0.027812,0.16047,0.65469,0.51607,0.58795
0.22537,0.21091,0.17907,0.021628,0.15119,0.67716,0.51984,0.57517
0.2477,0.21393,0.16569,0.013969,0.14139,0.64653,0.53303,0.55419
0.25946,0.21805,0.16065,0.0096212,0.13853,0.62646,0.55038,0.53345
0.28019,0.22476,0.15237,0.0071075,0.13292,0.62294,0.56826,0.50186
0.2886,0.23024,0.15065,-0.0004455,0.12747,0.60471,0.57099,0.46896
0.29624,0.23726,0.14767,-0.005031,0.12437,0.59463,0.55625,0.43029
0.29549,0.24097,0.15229,-0.021416,0.11529,0.5854,0.5437,0.38569
0.29718,0.24046,0.16798,-0.01795,0.10807,0.58845,0.52729,0.34042
0.29571,0.23887,0.1719,-0.019073,0.10583,0.60855,0.51482,0.29382
0.29214,0.23798,0.17484,-0.012671,0.10564,0.57379,0.50386,0.2528
0.27824,0.23377,0.18456,0.0016775,0.10397,0.59243,0.48805,0.21575
0.26541,0.22913,0.19822,0.0090682,0.10364,0.56959,0.46334,0.18036
0.25766,0.22184,0.22083,0.0066622,0.11228,0.57537,0.44105,0.14705
0.25346,0.21474,0.24741,0.01167,0.11934,0.56823,0.42998,0.11373
0.24996,0.20781,0.27595,0.0096526,0.13505,0.56796,0.41764,0.082876
0.24675,0.19848,0.29795,0.018944,0.15093,0.55725,0.40413,0.062916
0.2463,0.19314,0.315,0.016655,0.16345,0.55022,0.38732,0.046399
0.24347,0.18827,0.32552,0.012714,0.17646,0.52598,0.36666,0.032729
0.23834,0.17945,0.33259,0.018924,0.17916,0.55094,0.35304,0.026101
0.23833,0.16768,0.34426,0.013698,0.18343,0.52776,0.3385,0.021627
0.24483,0.15927,0.34846,0.016662,0.18716,0.52618,0.32712,0.01618
0.22637,0.15026,0.3449,0.029541,0.18811,0.52872,0.31245,0.013631
0.2182,0.13819,0.34359,0.04631,0.18796,0.52542,0.30717,0.01599
0.21745,0.12907,0.34021,0.064442,0.1807,0.50255,0.30718,0.021756
0.20957,0.12003,0.33993,0.07561,0.17631,0.48287,0.30968,0.025428
0.21135,0.10937,0.3365,0.084444,0.17924,0.47521,0.31115,0.029863
0.21815,0.10097,0.3379,0.095474,0.18321,0.46615,0.30747,0.032885
0.22618,0.095763,0.33356,0.098438,0.19076,0.45438,0.30063,0.03672
0.23676,0.091374,0.33313,0.10237,0.19557,0.45307,0.29041,0.042745
0.2491,0.085347,0.32498,0.10824,0.20099,0.44475,0.28413,0.051222
0.27093,0.083785,0.32109,0.10683,0.19624,0.43027,0.27817,0.064776
0.29188,0.08406,0.3112,0.095872,0.1964,0.43925,0.26402,0.077574
0.30179,0.082611,0.29975,0.09249,0.1933,0.45177,0.24716,0.08863
0.32053,0.081692,0.2935,0.09003,0.19457,0.43929,0.2324,0.10016
0.32492,0.083153,0.29326,0.083745,0.18625,0.42302,0.21976,0.11194
0.33199,0.085432,0.28573,0.080206,0.17489,0.41498,0.2037,0.12726
0.33388,0.08669,0.29098,0.072183,0.16432,0.40464,0.19037,0.14364
0.3323,0.088816,0.28226,0.063007,0.14796,0.40695,0.18604,0.15487
0.33272,0.092559,0.27441,0.057565,0.13251,0.39043,0.17985,0.15479
0.33766,0.092407,0.26277,0.063791,0.12469,0.37993,0.17849,0.15726
0.33485,0.094911,0.25191,0.069231,0.10951,0.37039,0.17025,0.15309
0.34326,0.097988,0.23957,0.059528,0.10205,0.37778,0.17337,0.14865
0.35722,0.099224,0.22834,0.061691,0.093917,0.38462,0.17548,0.13963
0.36779,0.10171,0.20904,0.061718,0.092588,0.41122,0.18289,0.13043
0.37551,0.09829,0.19567,0.055412,0.095827,0.4212,0.20516,0.11732
0.38357,0.099324,0.18569,0.055053,0.10545,0.43772,0.23113,0.10074
0.39189,0.10453,0.17062,0.059643,0.12781,0.43915,0.25704,0.083905
0.39266,0.10734,0.16216,0.050911,0.14667,0.46649,0.29167,0.087345
0.38963,0.11183,0.15953,0.055655,0.17024,0.47637,0.31998,0.082337
0.38708,0.11593,0.15359,0.051611,0.19984,0.44634,0.35367,0.076652
0.37558,0.11957,0.14276,0.047345,0.2249,0.44131,0.38186,0.076266
0.36303,0.12549,0.13622,0.034905,0.24705,0.47211,0.41293,0.080985
0.35758,0.12663,0.1353,0.033446,0.27757,0.46709,0.44522,0.083546
0.34782,0.13208,0.14078,0.041409,0.30827,0.46408,0.46336,0.092321
0.34128,0.13345,0.13893,0.047034,0.33433,0.40582,0.47485,0.10078
0.33421,0.13151,0.14261,0.051059,0.3605,0.40071,0.4843,0.11424
0.32892,0.12796,0.14431,0.054242,0.38464,0.39659,0.48444,0.11241
0.32667,0.12608,0.13577,0.041833,0.40727,0.40987,0.4822,0.11209
0.32701,0.12298,0.13524,0.037973,0.42451,0.45864,0.48515,0.12088
0.32329,0.12309,0.14036,0.034934,0.44052,0.46722,0.48651,0.12642
0.32369,0.11939,0.13887,0.038997,0.45448,0.48167,0.47648,0.13024
0.31542,0.11919,0.13732,0.043392,0.45773,0.478,0.47,0.12927
0.30966,0.11781,0.12811,0.039174,0.45991,0.49314,0.46214,0.12882
0.30204,0.12051,0.12579,0.031651,0.46603,0.56502,0.44735,0.13106
0.29581,0.12317,0.12195,0.024001,0.46212,0.57862,0.42354,0.13041
0.28282,0.12547,0.11919,0.013466,0.45869,0.61115,0.40443,0.12774
0.26323,0.12603,0.12383,-0.00034205,0.45711,0.61005,0.38246,0.12678
0.25138,0.1291,0.12175,0.0046696,0.45768,0.61154,0.3609,0.12461
0.23803,0.12724,0.1253,0.0076567,0.45783,0.60583,0.33534,0.11633
0.21552,0.12963,0.1242,0.011074,0.45355,0.61108,0.31135,0.11146
0.19785,0.13297,0.12358,0.0048213,0.44566,0.65563,0.28024,0.1104
0.18517,0.13191,0.13305,0.0015009,0.4282,0.6644,0.25817,0.11484
0.17434,0.12747,0.13588,0.0069661,0.40291,0.66872,0.24618,0.11895
0.16221,0.1201,0.15628,0.014045,0.38001,0.68167,0.23998,0.1204
0.15524,0.11374,0.17743,0.024353,0.3592,0.68649,0.22587,0.12781
0.15414,0.10964,0.19811,0.032444,0.33457,0.71153,0.22057,0.13013
0.15178,0.10469,0.2249,0.030179,0.30691,0.74756,0.21254,0.13222
0.16341,0.10026,0.24852,0.038663,0.27851,0.79486,0.21231,0.14106
0.16562,0.096559,0.27379,0.030798,0.24965,0.7844,0.21055,0.14365
0.17925,0.093173,0.31341,0.033061,0.22852,0.77953,0.20666,0.14732
0.17923,0.097005,0.34444,0.021556,0.20773,0.80038,0.20349,0.1436
0.19212,0.10557,0.37503,0.016875,0.19133,0.80441,0.19849,0.13842
0.20198,0.11545,0.39914,0.0085606,0.17614,0.80324,0.1976,0.13089
0.21682,0.13067,0.42128,-0.00127,0.16185,0.81783,0.19544,0.12027
0.23667,0.14285,0.44721,-0.0057228,0.14382,0.82379,0.18994,0.11198
0.25435,0.152,0.46874,-0.011644,0.1315,0.83098,0.17708,0.10281
0.27424,0.16419,0.48831,-0.019025,0.13023,0.83256,0.1711,0.091032
0.30841,0.17651,0.50707,-0.017077,0.13649,0.8549,0.16319,0.078073
0.34084,0.18836,0.50783,-0.019337,0.14771,0.85785,0.1629,0.061984
0.38028,0.19904,0.52066,-0.0061931,0.17488,0.86754,0.16026,0.045728
0.40861,0.2004,0.52939,-0.0041999,0.19987,0.87557,0.15642,0.03055
0.43899,0.20393,0.52546,-0.0024689,0.23082,0.88081,0.15509,0.02127
0.45899,0.20244,0.52037,0.0094111,0.25933,0.87283,0.15885,0.013813
0.47307,0.20146,0.51196,0.013967,0.29181,0.88298,0.16307,0.007274
0.48735,0.20203,0.4945,0.019595,0.32182,0.85556,0.1723,-0.001254
0.48408,0.19999,0.48421,0.032245,0.33782,0.85266,0.1651,-0.0060416
0.47249,0.19807,0.47278,0.041232,0.35541,0.84941,0.16494,-0.0047808
0.46196,0.19117,0.45683,0.052921,0.36177,0.82783,0.16822,0.0048277
0.45369,0.18307,0.42938,0.068095,0.35709,0.78991,0.16447,0.0093735
0.44519,0.17723,0.40473,0.078273,0.35291,0.76422,0.16372,0.0088468
0.44642,0.17068,0.38405,0.088636,0.3445,0.76393,0.1647,0.012076
0.44467,0.1651,0.35856,0.09977,0.33936,0.76273,0.15983,0.011476
0.44263,0.16163,0.33665,0.10877,0.33031,0.74644,0.15111,0.014908
0.43416,0.15896,0.312,0.12302,0.32306,0.73963,0.14446,0.015804
0.44003,0.15941,0.28466,0.13093,0.31871,0.70416,0.14377,0.016605
0.44746,0.15521,0.26298,0.13614,0.30953,0.6797,0.14258,0.012118
0.44401,0.15578,0.25184,0.14402,0.29725,0.66155,0.1328,0.00682
0.44138,0.15254,0.2426,0.14495,0.29354,0.63983,0.12897,0.0080544
0.43704,0.15605,0.23296,0.14859,0.28887,0.6351,0.11975,0.01013
0.41862,0.15999,0.2284,0.15132,0.2865,0.60818,0.10853,0.0068237
0.40703,0.16817,0.23765,0.15689,0.28534,0.58415,0.10368,0.0061588
0.39665,0.17814,0.23854,0.16101,0.28108,0.53565,0.10815,0.0058643
0.38235,0.18917,0.25703,0.16628,0.28035,0.49459,0.10867,0.0074292
0.36554,0.20117,0.27517,0.16224,0.28248,0.49071,0.10776,0.004306
0.35049,0.21756,0.2956,0.16878,0.28229,0.48634,0.10298,0.0049462
0.34191,0.2357,0.31179,0.16934,0.28466,0.47706,0.10345,-0.00078608
0.33158,0.25985,0.33113,0.16324,0.2745,0.48703,0.10182,-0.007009
0.32169,0.28099,0.35201,0.16446,0.26247,0.47021,0.10927,-0.01186
0.32056,0.29761,0.36724,0.16652,0.23757,0.47314,0.10937,-0.016634
0.31961,0.31584,0.37119,0.15881,0.2075,0.46542,0.10958,-0.019957
0.31315,0.33181,0.38157,0.15224,0.18011,0.44808,0.10748,-0.02868
0.31648,0.35076,0.39235,0.14168,0.1431,0.46018,0.10241,-0.030097
0.31703,0.3676,0.39483,0.13354,0.10535,0.45278,0.10238,-0.035033
0.31252,0.385,0.38939,0.11817,0.068851,0.44257,0.10802,-0.041106
0.30804,0.39331,0.3835,0.10859,0.036654,0.45734,0.108,-0.043915
0.30428,0.4003,0.37528,0.10558,0.0023196,0.46801,0.10884,-0.047044
0.30372,0.40259,0.36019,0.09752,-0.022481,0.43641,0.10578,-0.049943
0.29458,0.41208,0.34269,0.091023,-0.040182,0.41241,0.10394,-0.047586
0.28398,0.41037,0.32797,0.092166,-0.061543,0.38559,0.095545,-0.048335
0.28614,0.4114,0.31093,0.10286,-0.076294,0.41158,0.091972,-0.040235
0.28169,0.41146,0.28978,0.10413,-0.089667,0.42611,0.092488,-0.037613
0.2906,0.40867,0.26928,0.11542,-0.10547,0.41468,0.083885,-0.029877
0.30722,0.40379,0.24778,0.129,-0.12027,0.40703,0.078952,-0.020767
0.33009,0.40195,0.23196,0.13968,-0.13515,0.38457,0.072585,-0.010818
0.35762,0.39417,0.21739,0.14984,-0.14099,0.38046,0.073691,-0.001294
0.38367,0.39058,0.20977,0.15147,-0.15168,0.38976,0.070823,0.010485
0.42105,0.38174,0.21355,0.16402,-0.16046,0.41844,0.072529,0.022929
0.46288,0.3762,0.21188,0.17595,-0.16949,0.41184,0.072487,0.033869
0.50246,0.36202,0.20644,0.17645,-0.17868,0.39721,0.068457,0.047129
0.54413,0.34435,0.20432,0.19083,-0.18966,0.36414,0.063839,0.066926
0.57476,0.32521,0.22241,0.19585,-0.19709,0.34839,0.070111,0.08524
0.59551,0.30645,0.24487,0.19156,-0.20576,0.33924,0.064299,0.107
0.60794,0.29132,0.26246,0.19488,-0.20782,0.32314,0.060551,0.13169
0.61715,0.28304,0.279,0.19805,-0.2132,0.29551,0.055464,0.15178
0.61467,0.27601,0.29647,0.1989,-0.22148,0.28612,0.045686,0.17038
0.60595,0.27062,0.30245,0.18904,-0.22946,0.24982,0.036978,0.18663
0.59488,0.26684,0.32053,0.1786,-0.22864,0.24253,0.032958,0.20185
0.58595,0.26629,0.34075,0.17652,-0.23047,0.24568,0.027413,0.20864
0.58077,0.26887,0.35872,0.15537,-0.22587,0.23918,0.022891,0.20896
0.57992,0.27281,0.36549,0.14349,-0.2201,0.24778,0.01296,0.21174
0.58694,0.27497,0.37096,0.14887,-0.20553,0.23961,0.0066728,0.20549
0.58375,0.27262,0.37111,0.12235,-0.19674,0.25489,0.00043416,0.19556
0.58898,0.26941,0.36393,0.10749,-0.1807,0.23361,-0.0041527,0.18558
0.59365,0.26021,0.35513,0.10273,-0.16657,0.24588,-0.0092619,0.17993
0.60469,0.25522,0.34975,0.10005,-0.15362,0.23446,-0.0087343,0.17829
0.61826,0.25072,0.32683,0.094746,-0.13861,0.24214,-0.013233,0.17872
0.63022,0.24417,0.29965,0.089047,-0.12628,0.2331,-0.015976,0.18288
0.64297,0.23407,0.27297,0.094645,-0.11065,0.24133,-0.016593,0.19016
0.65674,0.22705,0.24095,0.096775,-0.095832,0.23783,-0.017197,0.18897
0.66429,0.2222,0.20523,0.088952,-0.081928,0.2395,-0.01685,0.19466
0.68336,0.21932,0.17188,0.10246,-0.071992,0.22702,-0.018936,0.19777
0.68948,0.21745,0.1487,0.11416,-0.060084,0.22656,-0.022135,0.2039
0.70735,0.21806,0.13115,0.131,-0.045111,0.21346,-0.016852,0.21078
0.71436,0.22056,0.10944,0.13482,-0.030893,0.21905,-0.017382,0.20747
0.71324,0.22105,0.10205,0.14665,-0.014491,0.20215,-0.012085,0.21589
0.71178,0.22737,0.10381,0.15214,0.0097738,0.17949,-0.0066999,0.22377
0.70667,0.23862,0.09664,0.15758,0.03302,0.15381,-0.0032607,0.23052
0.69692,0.24763,0.090954,0.17236,0.055856,0.15779,-0.0033486,0.24519
0.69309,0.26373,0.086514,0.17909,0.069849,0.1397,0.0041233,0.25946
0.67473,0.27937,0.083576,0.19858,0.091842,0.14068,0.013603,0.27235
0.66327,0.29741,0.079117,0.20836,0.11428,0.15364,0.02103,0.28728
0.64361,0.31546,0.073827,0.20744,0.13849,0.16656,0.02917,0.29316
0.62164,0.32849,0.065288,0.22542,0.16219,0.17452,0.037492,0.3005
0.60994,0.34365,0.060063,0.2306,0.18313,0.19804,0.04581,0.29336
0.59181,0.35858,0.045765,0.24046,0.19296,0.21203,0.057891,0.28359
0.57587,0.36767,0.040234,0.25257,0.1943,0.22313,0.065205,0.27331
0.55737,0.37949,0.032734,0.24965,0.19957,0.2037,0.077926,0.2658
0.54294,0.38794,0.032616,0.25822,0.21252,0.21926,0.089942,0.25558
0.54023,0.39581,0.030187,0.26445,0.21467,0.20127,0.10533,0.24896
0.53413,0.39486,0.032742,0.263,0.21196,0.19783,0.11352,0.24001
0.53597,0.39662,0.026083,0.2643,0.20883,0.19129,0.12309,0.24031
0.55637,0.39578,0.035717,0.25986,0.20728,0.18305,0.12834,0.24009
0.56683,0.39625,0.034082,0.25481,0.19817,0.15883,0.13523,0.24791
0.57269,0.39481,0.039251,0.25371,0.19001,0.1472,0.12977,0.25537
0.57544,0.39903,0.037732,0.24622,0.18595,0.14649,0.13315,0.26437
0.57322,0.40037,0.04054,0.23948,0.17977,0.14755,0.13267,0.274
0.56268,0.39279,0.041154,0.23544,0.16962,0.13503,0.12112,0.28483
0.54715,0.38707,0.047412,0.21443,0.16914,0.16553,0.11345,0.30163
0.53039,0.38803,0.047169,0.20259,0.16486,0.16517,0.10796,0.32516
0.5109,0.38924,0.046583,0.19173,0.16065,0.16151,0.09905,0.34892
0.47044,0.3901,0.039941,0.18283,0.15542,0.15805,0.094227,0.37982
0.43771,0.38966,0.038928,0.17581,0.14614,0.17943,0.086323,0.40765
0.40446,0.38516,0.036073,0.16043,0.14672,0.18848,0.088858,0.43533
0.37577,0.37416,0.039213,0.15505,0.14483,0.21687,0.088744,0.46153
0.34663,0.36293,0.034923,0.14997,0.14627,0.22815,0.095381,0.48475
0.32309,0.35771,0.037203,0.13647,0.14766,0.22229,0.10485,0.51215
0.30091,0.35223,0.039188,0.13252,0.14301,0.22234,0.10868,0.53328
0.28237,0.34461,0.034061,0.12688,0.14584,0.22166,0.11366,0.54063
0.25841,0.33458,0.038048,0.11873,0.14631,0.22274,0.12006,0.54071
0.24402,0.3294,0.036091,0.10737,0.15192,0.23684,0.12967,0.53124
0.22333,0.3237,0.035731,0.10318,0.16499,0.23333,0.13892,0.51558
0.20604,0.32395,0.039227,0.10313,0.16928,0.25274,0.14243,0.50018
0.18998,0.32145,0.032656,0.097998,0.17933,0.2481,0.14596,0.47943
0.17791,0.32249,0.031729,0.095556,0.18566,0.24339,0.14486,0.45446
0.16318,0.32055,0.027602,0.096803,0.19125,0.24641,0.14634,0.4238
0.1497,0.31933,0.021433,0.099547,0.20895,0.22772,0.15172,0.39168
0.13712,0.31604,0.020951,0.10233,0.21828,0.22348,0.15575,0.3634
0.12888,0.31425,0.016061,0.11091,0.23134,0.22896,0.15724,0.33293
0.12147,0.31296,0.02133,0.11933,0.24077,0.23729,0.15896,0.30703
0.11694,0.31185,0.019582,0.12753,0.24814,0.23154,0.15644,0.28192
0.11188,0.30812,0.015819,0.13587,0.25252,0.20841,0.15683,0.25557
0.11009,0.31033,0.021815,0.14109,0.25623,0.18854,0.15882,0.23053
0.10862,0.31112,0.026863,0.14914,0.25431,0.2032,0.15446,0.20926
0.10901,0.31121,0.029069,0.15256,0.25409,0.21358,0.1479,0.18939
0.11209,0.31052,0.034737,0.15562,0.24612,0.22594,0.14092,0.17019
0.11502,0.31196,0.036519,0.16187,0.23985,0.23273,0.14374,0.1533
0.11937,0.31134,0.04044,0.16675,0.23115,0.24208,0.14437,0.14147
0.12054,0.31256,0.03605,0.15592,0.22086,0.23391,0.1316,0.13394
0.12165,0.31207,0.04033,0.15292,0.20884,0.24233,0.13006,0.13502
0.13304,0.31493,0.037195,0.14857,0.20634,0.25194,0.12608,0.13328
0.13405,0.3229,0.039262,0.15272,0.19741,0.24702,0.12409,0.13267
0.13434,0.33325,0.037022,0.15176,0.19127,0.23078,0.12534,0.13409
0.13603,0.35105,0.0359,0.14599,0.18641,0.22881,0.13092,0.13245
0.14145,0.37356,0.02882,0.14016,0.17516,0.25029,0.13316,0.13533
0.14583,0.39404,0.026897,0.12859,0.16683,0.26683,0.12738,0.13621
0.14393,0.42011,0.02551,0.12908,0.15816,0.27188,0.11985,0.13989
0.15255,0.44492,0.022977,0.13593,0.14673,0.27946,0.12101,0.13514
0.16711,0.47215,0.014001,0.13811,0.13661,0.27496,0.11004,0.13141
0.18009,0.49291,0.016224,0.13936,0.12437,0.28771,0.10397,0.12756
0.19524,0.51047,0.0046306,0.13549,0.12003,0.31995,0.092304,0.12633
0.20722,0.52175,-0.0020139,0.13948,0.11097,0.33092,0.083724,0.1218
0.21821,0.52747,-0.0047642,0.13711,0.099706,0.34988,0.071458,0.11787
0.22514,0.52826,-0.0045936,0.14259,0.098748,0.33781,0.055918,0.10687
0.23386,0.53376,-0.016561,0.15216,0.092622,0.35155,0.042634,0.10091
0.24261,0.53546,-0.019174,0.14731,0.09034,0.35332,0.033453,0.094085
0.24522,0.53687,-0.021446,0.15031,0.090501,0.36985,0.024802,0.095378
0.24294,0.53747,-0.020037,0.14649,0.096683,0.38034,0.018891,0.083054
0.24061,0.53873,-0.025853,0.14409,0.095828,0.36853,0.010419,0.077604
0.23311,0.53746,-0.023103,0.14831,0.092208,0.37145,0.0014792,0.070177
0.22705,0.53568,-0.028319,0.14617,0.08979,0.38782,-0.0034286,0.06332
0.23156,0.53596,-0.034649,0.1508,0.085196,0.39464,-0.0091991,0.058844
0.2396,0.53531,-0.034528,0.14478,0.073895,0.4087,-0.0072542,0.062842
0.24222,0.53175,-0.021913,0.14898,0.063069,0.39986,-0.0052971,0.070419
0.24826,0.53192,-0.019912,0.15559,0.0434,0.41798,-0.0074973,0.07628
0.26025,0.53245,-0.010291,0.15367,0.024644,0.42023,-0.00132,0.088937
0.27308,0.53191,0.0034478,0.14722,0.00018702,0.4406,0.0040109,0.11026
0.28065,0.53769,0.015321,0.15422,-0.015807,0.46566,0.00709,0.12613
0.30487,0.54621,0.027155,0.1444,-0.039649,0.46836,0.016915,0.15306
0.32596,0.55641,0.048024,0.13179,-0.056186,0.47007,0.018306,0.18005
0.33691,0.56684,0.072415,0.13081,-0.068571,0.46516,0.022275,0.20541
0.33759,0.57907,0.083496,0.12837,-0.079134,0.46024,0.0224,0.22881
0.3394,0.5926,0.094807,0.1272,-0.086341,0.46415,0.019413,0.23902
0.34839,0.60668,0.10355,0.12113,-0.091737,0.45698,0.022729,0.25178
0.35205,0.6183,0.11772,0.1197,-0.096385,0.4513,0.01302,0.24925
0.35503,0.6396,0.12236,0.11958,-0.10163,0.42902,0.011585,0.25165
0.36335,0.66242,0.1298,0.11435,-0.10959,0.43592,0.015173,0.25016
0.36088,0.68911,0.13954,0.1178,-0.1116,0.41587,0.011663,0.23706
0.3754,0.71915,0.1491,0.12593,-0.11991,0.41989,0.010226,0.22546
0.38924,0.74675,0.15458,0.13131,-0.12938,0.43064,0.010103,0.21491
0.40771,0.77544,0.16544,0.13586,-0.13633,0.43466,0.0097512,0.20393
0.43092,0.80432,0.17321,0.12269,-0.14447,0.44795,0.016476,0.20203
0.4486,0.82858,0.18841,0.11829,-0.14937,0.44041,0.013588,0.19416
0.46561,0.85353,0.18731,0.1228,-0.15474,0.45886,0.018258,0.19473
0.47908,0.86397,0.1864,0.1237,-0.15585,0.45787,0.029191,0.19042
0.48785,0.86388,0.18483,0.11746,-0.16228,0.43358,0.026532,0.195
0.51289,0.85717,0.18117,0.11502,-0.16692,0.42411,0.030027,0.2
0.53275,0.84411,0.17838,0.11318,-0.16859,0.4116,0.029248,0.20528
0.55435,0.83008,0.1717,0.10474,-0.17286,0.40195,0.036057,0.20477
0.57366,0.81297,0.16176,0.10749,-0.1785,0.4001,0.03703,0.21026
0.58459,0.78965,0.15537,0.11237,-0.18579,0.35897,0.035373,0.20713
0.59395,0.76491,0.14579,0.11915,-0.19346,0.3863,0.042905,0.20925
0.60539,0.73728,0.14529,0.11626,-0.19742,0.35717,0.045749,0.20693
0.61519,0.7134,0.14482,0.11238,-0.20289,0.35911,0.036329,0.2078
0.61995,0.69282,0.14562,0.11294,-0.20647,0.37183,0.039277,0.20473
0.60563,0.66876,0.14727,0.11627,-0.20718,0.39378,0.042607,0.208
0.58928,0.65118,0.13859,0.11633,-0.20897,0.41767,0.048382,0.21191
0.56382,0.63599,0.1325,0.11714,-0.20707,0.42281,0.043069,0.22317
0.54562,0.6274,0.13286,0.11322,-0.20558,0.40623,0.042205,0.22637
0.52684,0.62397,0.13434,0.12098,-0.20364,0.39518,0.039089,0.23776
0.51584,0.62573,0.12474,0.12039,-0.1967,0.34241,0.040032,0.24585
0.49398,0.6292,0.12038,0.1116,-0.19107,0.3433,0.039022,0.25381
0.47482,0.63704,0.11588,0.11743,-0.18568,0.3408,0.043128,0.2619
0.4663,0.65007,0.11697,0.11947,-0.17723,0.33489,0.047469,0.27517
0.46337,0.66884,0.11278,0.11847,-0.16717,0.3197,0.046903,0.2899
0.45195,0.68546,0.11768,0.12319,-0.15138,0.27481,0.049301,0.3033
0.45341,0.70365,0.11705,0.1271,-0.13916,0.25889,0.047907,0.32418
0.45159,0.71486,0.11824,0.11922,-0.13487,0.24287,0.057438,0.35151
0.44985,0.72659,0.10946,0.11295,-0.12875,0.25678,0.067807,0.37809
0.45189,0.74116,0.11365,0.10872,-0.12586,0.28318,0.070076,0.40295
0.45757,0.75811,0.1065,0.11737,-0.12377,0.28371,0.075868,0.42552
0.46344,0.77707,0.10487,0.11537,-0.12422,0.28159,0.081388,0.44513
0.46479,0.79405,0.094096,0.11552,-0.12378,0.28921,0.079717,0.45942
0.46263,0.81152,0.090882,0.11135,-0.12757,0.28381,0.078972,0.46254
0.46966,0.8294,0.082413,0.10494,-0.13644,0.30104,0.081526,0.46254
0.46653,0.84593,0.072678,0.10636,-0.14185,0.29429,0.088315,0.44628
0.46862,0.86402,0.057795,0.10704,-0.14152,0.291,0.080105,0.42126
0.47507,0.87639,0.050929,0.10438,-0.1399,0.28427,0.075317,0.3965
0.46969,0.88253,0.040089,0.099706,-0.13455,0.27794,0.079225,0.37297
0.47944,0.88434,0.034617,0.09392,-0.12597,0.27601,0.077511,0.35161
0.49705,0.87891,0.020023,0.095698,-0.11332,0.27154,0.070836,0.33186
0.51799,0.87416,0.017984,0.099162,-0.10222,0.23604,0.0698,0.31217
0.53547,0.86889,0.0059535,0.094193,-0.085245,0.23413,0.068817,0.29952
0.55033,0.86451,0.0014936,0.093703,-0.064484,0.22116,0.063257,0.28014
0.56438,0.8607,-0.0036132,0.089504,-0.044623,0.23031,0.068656,0.26797
0.57056,0.86159,-6.8485e-05,0.092073,-0.022315,0.23772,0.08056,0.26683
0.57208,0.87226,-0.0061006,0.095477,-0.0043776,0.24973,0.090033,0.25497
0.57759,0.88213,-0.010576,0.091112,0.0085976,0.22663,0.10012,0.24739
0.58158,0.89229,-0.014676,0.092199,0.019273,0.21945,0.10519,0.23989
0.58655,0.90269,-0.012056,0.088402,0.030938,0.2166,0.12149,0.23172
0.58933,0.90479,-0.018275,0.075296,0.042372,0.2475,0.13478,0.21782
0.60031,0.89996,-0.024755,0.077246,0.043406,0.27294,0.14992,0.20547
0.61393,0.89516,-0.032248,0.076281,0.045455,0.30099,0.16829,0.19837
0.62832,0.89229,-0.036486,0.074253,0.043797,0.30567,0.18645,0.19126
0.64715,0.88602,-0.050069,0.077011,0.040671,0.3096,0.1965,0.17221
0.66664,0.87979,-0.05261,0.074565,0.040435,0.32887,0.20394,0.16263
0.68617,0.87757,-0.054602,0.08311,0.036518,0.31779,0.20438,0.15202
0.69348,0.88423,-0.060165,0.085801,0.030287,0.33154,0.21583,0.14229
0.68743,0.89144,-0.068375,0.092549,0.02545,0.33159,0.20661,0.13084
0.67358,0.90684,-0.074795,0.096125,0.020633,0.31922,0.20808,0.12902
0.65313,0.92603,-0.069533,0.10383,0.01834,0.30139,0.19931,0.12334
0.62506,0.94438,-0.069816,0.10634,0.01178,0.27977,0.19234,0.12544
0.59244,0.95794,-0.06948,0.1099,0.0058454,0.26313,0.17109,0.12443
0.56424,0.971,-0.064625,0.10902,0.0017244,0.27931,0.14853,0.12489
0.53522,0.97783,-0.06714,0.10989,-0.0026721,0.26805,0.13996,0.12736
0.49884,0.97956,-0.067391,0.10929,-0.0058091,0.29256,0.12393,0.12427
0.45918,0.96744,-0.063533,0.10755,-0.0089678,0.27603,0.10185,0.12282
0.43317,0.9546,-0.056143,0.10328,-0.020719,0.28846,0.09557,0.12774
0.40912,0.93499,-0.052466,0.12212,-0.033111,0.2846,0.075945,0.13426
0.38554,0.91483,-0.049411,0.12329,-0.043851,0.26199,0.061219,0.14523
0.35405,0.88954,-0.049535,0.12628,-0.058405,0.26293,0.048213,0.15211
0.33137,0.86089,-0.04233,0.12965,-0.068265,0.27275,0.040844,0.16623
0.30626,0.82537,-0.041475,0.13279,-0.080009,0.26941,0.035999,0.18644
0.27942,0.78748,-0.036308,0.13367,-0.093337,0.27725,0.025644,0.20806
0.26742,0.74575,-0.032991,0.13179,-0.10199,0.27555,0.018917,0.2326
0.25647,0.7126,-0.030616,0.13623,-0.11016,0.26253,0.017726,0.26255
0.23918,0.67919,-0.031154,0.1394,-0.10847,0.23208,0.0069596,0.29259
0.22188,0.64536,-0.020849,0.12501,-0.10529,0.23401,0.0049776,0.31725
0.21023,0.61037,-0.015829,0.11719,-0.10298,0.25302,0.0049603,0.34404
0.20656,0.57483,-0.0080473,0.11149,-0.090075,0.23875,-0.00061471,0.37991
0.20774,0.5399,-0.0044392,0.10292,-0.078619,0.23244,-0.007954,0.40826
0.20794,0.51076,0.0068299,0.10466,-0.063931,0.22679,-0.011,0.43371
0.2117,0.48065,0.014725,0.11028,-0.041257,0.20288,-0.020809,0.45963
0.20512,0.45551,0.02795,0.10881,-0.018008,0.18967,-0.02039,0.48799
0.20391,0.42642,0.037933,0.10945,0.008017,0.19936,-0.021698,0.51479
0.20133,0.39932,0.048214,0.10665,0.026019,0.22877,-0.017751,0.53783
0.20258,0.37525,0.051579,0.11533,0.046184,0.20756,-0.019649,0.56736
0.19825,0.35293,0.055195,0.12359,0.069557,0.22575,-0.017842,0.59446
0.20079,0.33504,0.064228,0.1286,0.087147,0.24839,-0.015874,0.61796
0.19593,0.32067,0.063022,0.14199,0.10722,0.26314,-0.011416,0.64484
0.19569,0.30263,0.063549,0.1487,0.12314,0.25547,-0.0057077,0.66747
0.1966,0.29017,0.063382,0.14285,0.13429,0.27674,0.003381,0.68592
0.2017,0.27519,0.064442,0.14461,0.14563,0.28002,0.0043111,0.70145
0.21309,0.26611,0.066609,0.14214,0.15279,0.2934,0.010575,0.7033
0.2193,0.25735,0.077579,0.14321,0.16336,0.29989,0.017893,0.7077
0.22963,0.24983,0.080481,0.1376,0.17673,0.33276,0.022994,0.70643
0.23926,0.24415,0.086335,0.13556,0.18775,0.32098,0.026847,0.70622
0.249,0.23934,0.094512,0.13832,0.19464,0.29816,0.036566,0.69995
0.26094,0.23212,0.11261,0.14031,0.19627,0.29776,0.047643,0.69683
0.26083,0.23029,0.12051,0.13176,0.19903,0.31828,0.063161,0.6964
0.26503,0.22775,0.13552,0.12693,0.19861,0.32239,0.077824,0.69262
0.26556,0.22559,0.14179,0.13,0.19554,0.34233,0.094448,0.69945
0.25873,0.21933,0.14687,0.12512,0.19154,0.35387,0.10827,0.71149
0.25787,0.21715,0.14892,0.12313,0.18461,0.35883,0.11571,0.71835
0.25479,0.21546,0.15006,0.1205,0.17427,0.35257,0.13173,0.72291
0.25047,0.21358,0.15625,0.1185,0.16924,0.36873,0.14831,0.71921
0.24498,0.20991,0.15803,0.11514,0.16854,0.39411,0.15679,0.7143
0.23887,0.20818,0.15655,0.1155,0.16475,0.37513,0.16928,0.70985
0.23514,0.2067,0.1604,0.11827,0.15957,0.37671,0.18312,0.70178
0.2443,0.19974,0.16771,0.12653,0.15938,0.36932,0.19754,0.6966
0.26217,0.19624,0.17615,0.13625,0.15766,0.36199,0.20984,0.67965
0.27474,0.1903,0.17652,0.14676,0.15965,0.35467,0.22171,0.6603
0.28696,0.18032,0.17475,0.15354,0.16496,0.33505,0.24165,0.63757
0.29428,0.16713,0.17892,0.16451,0.16825,0.34902,0.25519,0.61682
0.30893,0.15314,0.18041,0.17834,0.16478,0.33241,0.26819,0.5929
0.31947,0.14123,0.18245,0.19097,0.16304,0.31065,0.27779,0.57672
0.33597,0.12824,0.17986,0.19023,0.16991,0.31406,0.28197,0.55168
0.34703,0.1145,0.1807,0.19946,0.18416,0.28411,0.27559,0.5317
0.34277,0.10653,0.16952,0.20741,0.19391,0.28967,0.26744,0.51035
0.32693,0.099053,0.16008,0.20382,0.20435,0.27483,0.25872,0.47995
0.31681,0.09163,0.16769,0.21539,0.21556,0.25413,0.24265,0.45517
0.30619,0.086882,0.16912,0.22116,0.23039,0.28074,0.22465,0.43559
0.29575,0.087464,0.17104,0.22138,0.23974,0.25644,0.21139,0.41085
0.2837,0.086846,0.1648,0.2142,0.25445,0.24761,0.18986,0.39137
0.27296,0.088938,0.15923,0.2073,0.26277,0.26417,0.17527,0.36049
0.26063,0.092358,0.15715,0.20818,0.27299,0.26641,0.16501,0.33865
0.25697,0.097216,0.15083,0.20786,0.27352,0.27542,0.15792,0.30935
0.2546,0.1011,0.14643,0.20622,0.27779,0.26936,0.15461,0.28143
0.2511,0.10678,0.14909,0.20924,0.27979,0.29051,0.15355,0.26387
0.25192,0.11568,0.14241,0.19575,0.28135,0.28911,0.1608,0.24591
0.25186,0.11872,0.14778,0.19254,0.27732,0.28321,0.1734,0.22805
0.25067,0.11787,0.15718,0.19224,0.2773,0.29717,0.17768,0.21542
0.2531,0.11948,0.16797,0.19004,0.27248,0.32046,0.18284,0.19653
0.25687,0.11898,0.17665,0.19002,0.26835,0.33186,0.19098,0.18209
0.2555,0.1183,0.189,0.1933,0.26064,0.34221,0.19212,0.16846
0.24937,0.11773,0.20808,0.18652,0.24958,0.36147,0.19229,0.15604
0.24456,0.11359,0.22419,0.18446,0.23467,0.35662,0.18557,0.14515
0.25106,0.10762,0.23872,0.18484,0.22317,0.34323,0.17834,0.13892
0.2491,0.098866,0.2539,0.19071,0.20597,0.3664,0.16631,0.1337
0.25279,0.095495,0.25771,0.1891,0.18811,0.37331,0.15209,0.12599
0.25786,0.090152,0.25228,0.1918,0.17861,0.36077,0.13833,0.11968
0.25248,0.08563,0.24862,0.2013,0.16789,0.3459,0.1328,0.12024
0.24534,0.082083,0.24037,0.197,0.16031,0.33549,0.12207,0.12213
0.23859,0.078815,0.22973,0.20046,0.14846,0.32798,0.11139,0.11654
0.24389,0.076541,0.21055,0.20411,0.14027,0.27974,0.098181,0.12146
0.24264,0.076465,0.20094,0.20254,0.13135,0.26471,0.084003,0.13017
0.23603,0.076996,0.17987,0.20296,0.12006,0.24468,0.073381,0.12946
0.23282,0.079183,0.15284,0.20082,0.11988,0.22783,0.063738,0.12799
0.22892,0.077273,0.1254,0.20239,0.12391,0.21053,0.052816,0.13153
0.22457,0.08207,0.1099,0.19849,0.12483,0.20719,0.044783,0.13281
0.22899,0.084356,0.09752,0.19373,0.1287,0.20595,0.037343,0.13913
0.23518,0.083586,0.089874,0.2,0.13036,0.20249,0.032225,0.15009
0.252,0.083638,0.090265,0.1957,0.13661,0.20746,0.024339,0.16978
0.25434,0.083447,0.08326,0.19611,0.1514,0.23206,0.020844,0.1831
0.27537,0.085127,0.076882,0.20104,0.17092,0.24307,0.021518,0.18952
0.29659,0.085002,0.073874,0.19478,0.19097,0.2552,0.019379,0.20855
0.32077,0.08627,0.082905,0.19458,0.2046,0.24436,0.018621,0.22279
0.34434,0.091765,0.082669,0.20033,0.21616,0.22424,0.016166,0.23487
0.37348,0.10029,0.085777,0.20042,0.22328,0.21999,0.014325,0.25119
0.41063,0.10492,0.080826,0.19689,0.23804,0.22416,0.01066,0.25548
0.4441,0.11625,0.078576,0.19909,0.25369,0.22493,0.0060223,0.25686
0.46258,0.12651,0.075064,0.1999,0.2657,0.22296,0.00403,0.25662
0.49189,0.13653,0.079016,0.19494,0.27405,0.21183,9.4847e-05,0.25183
0.50665,0.14667,0.08139,0.19735,0.28099,0.21325,-0.001823,0.25088
0.53355,0.15796,0.083326,0.19995,0.28851,0.22457,-0.0020833,0.24136
0.55221,0.16952,0.0711,0.20631,0.29748,0.24399,-0.0035642,0.23685
0.57373,0.18409,0.078092,0.19687,0.3039,0.24277,-0.0035966,0.23386
0.59282,0.19741,0.069946,0.19419,0.31143,0.25666,0.0012233,0.22558
0.59799,0.21504,0.073,0.20019,0.31099,0.24061,0.0076496,0.22555
0.60861,0.22782,0.07096,0.19999,0.31094,0.25228,0.017876,0.22471
0.62005,0.24033,0.060677,0.19738,0.31426,0.24849,0.03131,0.21227
0.62193,0.24807,0.05211,0.19835,0.31971,0.26275,0.049904,0.21367
0.62292,0.25836,0.046045,0.19393,0.32512,0.24262,0.073975,0.21511
0.60735,0.26676,0.043427,0.19351,0.33295,0.25079,0.093799,0.21824
0.59867,0.272,0.046239,0.18709,0.34044,0.22829,0.11235,0.22335
0.5874,0.27459,0.045862,0.18516,0.35634,0.24014,0.13492,0.22759
0.57839,0.26881,0.050175,0.18972,0.37144,0.23074,0.14961,0.23588
0.57206,0.26444,0.047619,0.18866,0.39091,0.23425,0.16904,0.23869
0.56836,0.25609,0.052641,0.18351,0.41267,0.20356,0.18035,0.2402
0.57513,0.24887,0.051706,0.18549,0.43211,0.20371,0.18796,0.24732
0.58916,0.24347,0.054039,0.193,0.45072,0.2251,0.18709,0.24117
0.60494,0.23156,0.05746,0.19298,0.46549,0.24654,0.17789,0.23634
0.62352,0.21847,0.057047,0.1974,0.47272,0.25669,0.1697,0.22692
0.6419,0.20798,0.063057,0.19781,0.47996,0.28959,0.16165,0.21954
0.661,0.19595,0.061946,0.20244,0.47988,0.31847,0.14547,0.20913
0.68011,0.18621,0.061976,0.20902,0.47879,0.32552,0.13413,0.19515
0.70149,0.17587,0.059946,0.21338,0.47518,0.34382,0.11789,0.18624
0.71751,0.16705,0.055572,0.22215,0.46784,0.36969,0.1032,0.17773
0.73012,0.16046,0.058532,0.23213,0.46094,0.36728,0.093839,0.16958
0.7476,0.1522,0.061326,0.2259,0.45146,0.36336,0.089463,0.16776
0.75877,0.15068,0.056809,0.22968,0.44084,0.39719,0.081049,0.16247
0.76562,0.14923,0.054659,0.2254,0.43262,0.38995,0.072119,0.16272
0.77823,0.14722,0.051669,0.22684,0.42668,0.40545,0.067495,0.15446
0.78227,0.14572,0.053483,0.23109,0.43026,0.38379,0.061926,0.15321
0.78219,0.15031,0.051363,0.22154,0.43193,0.37651,0.061058,0.15529
0.78121,0.16088,0.05835,0.21756,0.43111,0.37868,0.059172,0.15715
0.7845,0.17597,0.066516,0.21324,0.43514,0.3898,0.056807,0.15688
0.78605,0.18789,0.069157,0.20238,0.44197,0.40824,0.055605,0.1543
0.77627,0.20375,0.072411,0.20471,0.45482,0.43356,0.056514,0.15264
0.78236,0.21722,0.074941,0.20762,0.46836,0.41788,0.061117,0.15456
0.7877,0.23228,0.078813,0.21656,0.48484,0.44067,0.061271,0.14948
0.77693,0.25109,0.07586,0.22246,0.50114,0.42205,0.067668,0.15146
0.76104,0.27163,0.069774,0.23098,0.50696,0.43901,0.073856,0.14871
0.74511,0.29329,0.073303,0.24586,0.52023,0.47591,0.072648,0.13828
0.72364,0.30801,0.068544,0.25938,0.53696,0.4662,0.063685,0.13167
0.70274,0.32665,0.058053,0.27401,0.55274,0.47081,0.064748,0.1311
0.66895,0.34741,0.052645,0.28657,0.57011,0.48889,0.058716,0.12934
0.64565,0.36798,0.046035,0.31092,0.58625,0.46757,0.045224,0.12705
0.61094,0.38842,0.045143,0.31485,0.60845,0.44536,0.03926,0.12387
0.57808,0.40716,0.043962,0.32324,0.63025,0.43348,0.040831,0.12841
0.54919,0.41973,0.04585,0.32777,0.65324,0.43814,0.030554,0.13152
0.52845,0.42541,0.051734,0.33273,0.6783,0.44505,0.021566,0.13404
0.51724,0.42294,0.055454,0.33229,0.7005,0.47092,0.020663,0.14488
0.51025,0.41859,0.055776,0.33009,0.72303,0.49504,0.020656,0.15224
0.50111,0.40818,0.06333,0.32723,0.74543,0.49656,0.020382,0.1622
0.51452,0.39487,0.073054,0.31999,0.76682,0.49865,0.024805,0.17593
0.51571,0.38486,0.086571,0.31229,0.78273,0.50652,0.040235,0.1899
0.52518,0.37704,0.088168,0.31026,0.79908,0.5439,0.045833,0.20111
0.54123,0.37671,0.095241,0.30207,0.81053,0.55213,0.051318,0.20567
0.55924,0.37748,0.10232,0.30109,0.81945,0.57014,0.064832,0.21278
0.57456,0.38416,0.10831,0.29454,0.82651,0.56996,0.08829,0.22566
0.58104,0.39318,0.11294,0.28712,0.83282,0.5493,0.11228,0.23694
0.59084,0.40331,0.12914,0.27949,0.83017,0.55167,0.14077,0.24704
0.59874,0.41223,0.13947,0.27359,0.82374,0.55284,0.16424,0.24842
0.60787,0.41655,0.14251,0.27022,0.81133,0.52437,0.18338,0.25042
0.62456,0.41454,0.141,0.25767,0.79853,0.53424,0.19768,0.2483
0.63949,0.40778,0.15524,0.2498,0.77987,0.55709,0.20789,0.24583
0.65296,0.39069,0.15431,0.25267,0.7706,0.56902,0.2152,0.25141
0.67413,0.37511,0.15432,0.247,0.75812,0.5608,0.2187,0.25136
0.70479,0.35245,0.15835,0.24269,0.74769,0.56836,0.21017,0.24364
0.73439,0.32936,0.15988,0.24986,0.73372,0.57159,0.18824,0.23756
0.76394,0.30363,0.15207,0.24653,0.72813,0.57306,0.16564,0.23103
0.78643,0.27814,0.14266,0.24274,0.7274,0.56407,0.14754,0.22576
0.80014,0.25744,0.14222,0.24567,0.72489,0.59981,0.13073,0.21664
0.8094,0.23825,0.13206,0.24787,0.72338,0.59123,0.11119,0.21151
0.81319,0.221,0.12645,0.24644,0.72309,0.5496,0.099172,0.20688
0.81104,0.20832,0.12483,0.2392,0.7197,0.56029,0.085835,0.20212
0.81308,0.19295,0.12888,0.24385,0.72491,0.55602,0.072292,0.20197
0.81213,0.18217,0.13211,0.2478,0.72786,0.55686,0.062988,0.2059
0.80425,0.17348,0.12555,0.24357,0.73938,0.56814,0.060467,0.20523
0.79873,0.16728,0.13077,0.24694,0.75196,0.58618,0.059252,0.21257
0.79148,0.16157,0.12915,0.25019,0.76134,0.58714,0.049871,0.21651
0.7773,0.15791,0.12125,0.24862,0.77336,0.57118,0.043659,0.22951
0.75609,0.15464,0.12651,0.24896,0.79149,0.58737,0.041737,0.23928
0.73807,0.15185,0.1244,0.25737,0.80692,0.60122,0.038168,0.24596
0.72742,0.14519,0.12183,0.26325,0.82398,0.57415,0.045668,0.25432
0.69547,0.14063,0.11649,0.26335,0.83358,0.59085,0.048274,0.25568
0.65792,0.13606,0.10741,0.26425,0.84553,0.56266,0.049526,0.25744
0.62876,0.13073,0.10679,0.26789,0.84981,0.5432,0.052609,0.26043
0.6024,0.12785,0.099753,0.26999,0.84672,0.5148,0.054823,0.25961
0.58491,0.12887,0.10561,0.278,0.8478,0.51707,0.05697,0.26439
0.56738,0.13146,0.11145,0.28002,0.85192,0.51652,0.062611,0.27239
0.55726,0.13385,0.12007,0.28694,0.84981,0.50199,0.064867,0.27533
0.54565,0.13808,0.11619,0.28987,0.84856,0.50617,0.063572,0.28298
0.53164,0.1485,0.11579,0.28809,0.83941,0.50111,0.060608,0.28423
0.52464,0.15531,0.11655,0.2913,0.83487,0.48858,0.058604,0.29174
0.51698,0.1635,0.11166,0.29682,0.82982,0.49971,0.064364,0.30216
0.51136,0.17016,0.11811,0.29807,0.82304,0.5067,0.070349,0.30859
0.48923,0.17543,0.11818,0.30997,0.81919,0.50073,0.082531,0.31632
0.47042,0.17628,0.11601,0.30802,0.80649,0.49338,0.097208,0.3158
0.45241,0.17371,0.11775,0.30637,0.79791,0.47564,0.10707,0.30927
0.43076,0.17034,0.1076,0.30334,0.78713,0.47761,0.12428,0.30914
0.40581,0.16471,0.1081,0.29968,0.77934,0.44482,0.15649,0.30902
0.3814,0.15849,0.10468,0.30466,0.7789,0.44805,0.17948,0.30913
0.36087,0.15492,0.09951,0.30408,0.77537,0.46198,0.20954,0.30569
0.34537,0.14962,0.091889,0.304,0.7776,0.44744,0.23428,0.2962
0.3295,0.14441,0.077238,0.3074,0.78937,0.41318,0.25226,0.2909
0.32398,0.13699,0.061549,0.29678,0.80419,0.43184,0.26682,0.28382
0.31887,0.1286,0.047583,0.29299,0.82795,0.42361,0.28057,0.28603
0.31962,0.1223,0.032609,0.30185,0.85246,0.43101,0.30154,0.28354
0.32536,0.11655,0.019446,0.29443,0.86907,0.40084,0.31413,0.28072
0.33111,0.10852,0.0042077,0.30353,0.88646,0.40079,0.3138,0.27712
0.33297,0.099795,-0.0077753,0.29581,0.89988,0.41005,0.31788,0.27277
0.33405,0.094047,-0.02491,0.28987,0.91215,0.37643,0.31861,0.27508
0.33345,0.085453,-0.032881,0.28748,0.91486,0.38891,0.31793,0.27624
0.32573,0.077297,-0.041658,0.27599,0.90693,0.38966,0.31945,0.2773
0.32064,0.070961,-0.050553,0.27202,0.89991,0.38195,0.33122,0.27932
0.30745,0.066298,-0.061385,0.27461,0.88668,0.37655,0.34416,0.2785
0.29749,0.060288,-0.064833,0.26843,0.86822,0.37282,0.34937,0.27166
0.28877,0.055891,-0.070079,0.26595,0.85835,0.38865,0.35336,0.26823
0.28119,0.052567,-0.072911,0.26014,0.84854,0.39081,0.36941,0.26632
0.27714,0.045248,-0.075754,0.26708,0.83906,0.37038,0.3775,0.26498
0.27451,0.038401,-0.067301,0.27567,0.8319,0.37062,0.38535,0.25674
0.26943,0.034271,-0.057348,0.2699,0.82314,0.35857,0.40073,0.25699
0.27439,0.031531,-0.049424,0.26842,0.82054,0.37005,0.41138,0.25466
0.27378,0.027713,-0.04263,0.27074,0.81527,0.35317,0.41334,0.2495
0.27422,0.022908,-0.036595,0.26449,0.80667,0.36335,0.41147,0.24249
0.27343,0.019899,-0.03131,0.26731,0.79473,0.36607,0.41154,0.24437
0.2662,0.020743,-0.017875,0.27586,0.77706,0.37428,0.41426,0.24773
0.25719,0.022137,-0.011599,0.27689,0.76729,0.39767,0.40978,0.25001
0.2521,0.027257,-0.0047157,0.27462,0.75443,0.41465,0.41204,0.25095
0.24919,0.029306,0.0029945,0.27291,0.73181,0.42015,0.41446,0.25438
0.24433,0.031018,0.013937,0.27841,0.71036,0.43878,0.4174,0.25008
0.23616,0.033323,0.028582,0.29535,0.68386,0.43992,0.42608,0.25003
0.23093,0.038815,0.043694,0.29421,0.65543,0.44356,0.44044,0.24842
0.22832,0.041946,0.058505,0.30871,0.63645,0.44485,0.4554,0.25425
0.22411,0.043323,0.073256,0.31952,0.6212,0.46243,0.47241,0.26125
0.2262,0.036045,0.089222,0.32835,0.61165,0.44077,0.48774,0.26485
0.23295,0.031415,0.11401,0.33226,0.5931,0.43817,0.49803,0.27308
0.23775,0.02509,0.13993,0.33774,0.5758,0.41672,0.50256,0.29159
0.24351,0.019877,0.15088,0.34301,0.56067,0.4289,0.51004,0.30856
0.25876,0.016287,0.16689,0.34972,0.55196,0.41678,0.50387,0.32757
0.27176,0.012029,0.17894,0.33895,0.55369,0.42041,0.50167,0.35086
0.28296,0.0050826,0.1954,0.3488,0.55249,0.40418,0.49292,0.3809
0.30033,0.00036974,0.2152,0.34319,0.54463,0.40652,0.48567,0.39769
0.32066,-0.0025855,0.22661,0.33267,0.54047,0.39247,0.47378,0.41388
0.34429,-0.0019632,0.23342,0.32224,0.5354,0.39896,0.45289,0.42771
0.36243,-0.0054007,0.2391,0.32448,0.52807,0.3779,0.43439,0.43603
0.38326,-0.0084615,0.24643,0.32823,0.5205,0.38731,0.42506,0.43098
0.40459,-0.011484,0.25726,0.3229,0.51169,0.37498,0.41122,0.42845
0.43167,-0.017375,0.26536,0.3229,0.5023,0.37938,0.39955,0.4202
0.46778,-0.023779,0.27698,0.32643,0.48276,0.37168,0.38429,0.41183
0.51425,-0.026015,0.29343,0.32759,0.46159,0.39615,0.3722,0.39051
0.5552,-0.026294,0.30692,0.3284,0.44993,0.38244,0.37018,0.37952
0.59253,-0.029642,0.32309,0.33307,0.42765,0.377,0.3718,0.36544
0.63171,-0.033553,0.33448,0.33971,0.40603,0.38967,0.38188,0.35492
0.67295,-0.034668,0.35325,0.33895,0.39057,0.41339,0.40258,0.33874
0.70994,-0.034898,0.3646,0.33652,0.37714,0.40009,0.41943,0.32823
0.7415,-0.034154,0.37243,0.33983,0.36753,0.39973,0.43278,0.31679
0.76076,-0.031651,0.37462,0.33575,0.35634,0.39197,0.45876,0.30569
0.77001,-0.031581,0.3651,0.33844,0.3495,0.40728,0.48637,0.29503
0.76157,-0.033654,0.35219,0.34057,0.34847,0.41428,0.51309,0.29255
0.75478,-0.038184,0.33934,0.34135,0.3349,0.4276,0.52662,0.28716
0.74347,-0.041283,0.32155,0.34155,0.3317,0.44218,0.53187,0.28556
0.72052,-0.044052,0.30685,0.34175,0.32683,0.43667,0.54176,0.27687
0.6973,-0.04759,0.28553,0.34292,0.3158,0.42306,0.53763,0.27064
0.66809,-0.050759,0.26137,0.3414,0.30548,0.42093,0.53294,0.26765
0.64064,-0.05715,0.2503,0.34828,0.29795,0.43276,0.53746,0.25989
0.61115,-0.06318,0.24197,0.3592,0.28762,0.43751,0.52252,0.25733
0.58634,-0.068596,0.23244,0.36534,0.27991,0.40506,0.50748,0.25076
0.56931,-0.073002,0.23289,0.36838,0.27616,0.37541,0.49309,0.24876
0.54419,-0.074146,0.23006,0.37919,0.28615,0.34632,0.48049,0.24547
0.51746,-0.075894,0.23099,0.38959,0.28992,0.31526,0.46979,0.24418
0.49835,-0.077467,0.23746,0.4033,0.29745,0.30985,0.45463,0.2421
0.48176,-0.077955,0.24301,0.41332,0.30901,0.31627,0.44153,0.24818
0.46082,-0.082667,0.25562,0.42526,0.3164,0.3123,0.43368,0.24777
0.44547,-0.086951,0.25962,0.43675,0.32937,0.30729,0.42113,0.25962
0.4324,-0.088283,0.25594,0.44154,0.3443,0.29654,0.42497,0.26754
0.41332,-0.088353,0.26109,0.45161,0.35711,0.30133,0.42532,0.27379
0.39799,-0.089948,0.25278,0.46375,0.37589,0.30345,0.41525,0.2726
0.38182,-0.09017,0.24944,0.47266,0.38651,0.31884,0.40976,0.27556
0.36703,-0.092112,0.25526,0.48233,0.39927,0.33787,0.41136,0.27409
0.34708,-0.094063,0.25198,0.48033,0.41458,0.34477,0.41184,0.27478
0.33018,-0.09679,0.2468,0.48427,0.43087,0.32324,0.41102,0.2739
0.32028,-0.093925,0.24144,0.48736,0.45385,0.33076,0.40135,0.27612
0.30984,-0.091,0.24297,0.48368,0.46547,0.31833,0.38949,0.27361
0.30047,-0.089357,0.25039,0.48162,0.47817,0.34755,0.37293,0.27463
0.29016,-0.089034,0.2579,0.47918,0.48754,0.35523,0.34821,0.27914
0.27189,-0.087854,0.26534,0.48133,0.49247,0.36409,0.33941,0.28814
0.25365,-0.088484,0.27887,0.47888,0.49813,0.35855,0.3293,0.29461
0.24567,-0.08544,0.28954,0.48879,0.50362,0.35245,0.3192,0.30047
0.24109,-0.083701,0.30384,0.49626,0.50419,0.34836,0.31826,0.30834
0.2375,-0.078907,0.31948,0.49732,0.50264,0.36933,0.32363,0.31527
0.23209,-0.077632,0.33492,0.49939,0.50259,0.37936,0.33569,0.32265
0.22258,-0.075161,0.34812,0.50092,0.50548,0.39975,0.34467,0.32108
0.21202,-0.071919,0.35994,0.51215,0.51169,0.39417,0.36398,0.3246
0.20812,-0.065215,0.37165,0.51193,0.52091,0.3997,0.39162,0.32524
0.20618,-0.062683,0.37689,0.51034,0.52773,0.4181,0.41568,0.31919
0.21574,-0.060065,0.37221,0.50427,0.53347,0.43588,0.44155,0.31638
0.21628,-0.058266,0.36567,0.48546,0.53969,0.44985,0.46657,0.31355
0.21596,-0.052516,0.35462,0.47805,0.54933,0.44901,0.48628,0.31488
0.21769,-0.050534,0.34212,0.4764,0.55658,0.4472,0.5068,0.30904
0.22157,-0.049159,0.32117,0.47186,0.55852,0.47449,0.52047,0.29867
0.23302,-0.046944,0.30073,0.46498,0.56227,0.47008,0.5368,0.29791
0.25004,-0.04598,0.28461,0.45085,0.55867,0.43642,0.5411,0.29318
0.26069,-0.049444,0.27091,0.44991,0.55242,0.44946,0.54554,0.28594
0.28056,-0.046186,0.2682,0.44361,0.54495,0.44829,0.54225,0.28664
0.30554,-0.044418,0.26292,0.44186,0.53418,0.45841,0.53856,0.28248
0.33105,-0.041619,0.25524,0.45029,0.51725,0.44874,0.5327,0.27575
0.36126,-0.038847,0.24842,0.46002,0.50165,0.44804,0.52844,0.2655
0.38844,-0.037263,0.24349,0.46777,0.48266,0.44154,0.5164,0.26385
0.42368,-0.034488,0.25278,0.4765,0.45791,0.404,0.4997,0.27107
0.45359,-0.031302,0.26147,0.48559,0.4368,0.42161,0.48579,0.27354
0.48052,-0.029207,0.25917,0.49559,0.41335,0.46331,0.46976,0.26983
0.51254,-0.027139,0.26139,0.50484,0.3936,0.44381,0.45233,0.27116
0.53608,-0.02869,0.26401,0.50858,0.37431,0.41344,0.43046,0.26824
0.55081,-0.026331,0.27249,0.51516,0.35875,0.39185,0.40151,0.27226
0.56895,-0.022382,0.27567,0.50534,0.35288,0.38523,0.37206,0.28681
0.58429,-0.022357,0.28236,0.49619,0.34412,0.38515,0.34434,0.30106
0.59286,-0.019489,0.29067,0.48421,0.34044,0.37769,0.32046,0.31067
0.59203,-0.01827,0.29629,0.48039,0.34529,0.3816,0.30226,0.31887
0.58753,-0.015919,0.29772,0.47604,0.35281,0.36806,0.28633,0.3275
0.57812,-0.013804,0.30228,0.47347,0.36595,0.34177,0.27231,0.33534
0.57201,-0.01001,0.30696,0.46585,0.37664,0.3565,0.26072,0.33961
0.56602,-0.0044455,0.30795,0.45979,0.38718,0.3915,0.26439,0.34801
0.56123,-0.0018175,0.29951,0.45083,0.39938,0.39248,0.27352,0.35223
0.55247,-0.0035317,0.29422,0.45475,0.40893,0.40191,0.27862,0.35458
0.5463,-0.0035789,0.29217,0.45581,0.41996,0.40093,0.27847,0.36271
0.54149,-0.0026233,0.28132,0.45552,0.43368,0.38926,0.27636,0.37177
0.53859,-0.00039163,0.27155,0.45213,0.45081,0.39219,0.27879,0.38378
0.53226,0.00076281,0.25743,0.45368,0.45733,0.38117,0.27979,0.39518
0.53379,0.0029411,0.23872,0.44492,0.46781,0.40273,0.28265,0.41504
0.52761,0.0065539,0.21581,0.44561,0.47876,0.40407,0.28357,0.43701
0.52257,0.0093633,0.18978,0.45249,0.48866,0.38727,0.27406,0.4481
0.51483,0.012936,0.17124,0.45436,0.50111,0.41082,0.2612,0.46152
0.51226,0.017835,0.15121,0.45497,0.51269,0.41646,0.26519,0.47224
0.51345,0.024127,0.12178,0.45858,0.52394,0.43513,0.28213,0.47509
0.52164,0.026378,0.09583,0.4632,0.53703,0.45839,0.31214,0.48707
0.53366,0.030062,0.071813,0.47004,0.5475,0.4812,0.34204,0.48836
0.54975,0.03313,0.049615,0.4725,0.56587,0.49351,0.36943,0.49061
0.56128,0.036974,0.038328,0.47856,0.57988,0.47108,0.39822,0.49061
0.57929,0.042061,0.020034,0.47664,0.5879,0.45952,0.43332,0.49187
0.59796,0.044313,0.0045321,0.47428,0.59823,0.45489,0.46183,0.5054
0.60683,0.045285,-0.0074976,0.47632,0.6008,0.43612,0.50246,0.51373
0.61915,0.045848,-0.015506,0.47506,0.59597,0.42808,0.52836,0.52002
0.62684,0.045479,-0.022153,0.47532,0.59021,0.43016,0.54513,0.53114
0.62693,0.046698,-0.024857,0.48078,0.57678,0.43448,0.56314,0.53219
0.63271,0.046736,-0.030751,0.47233,0.56436,0.41994,0.57026,0.53312
0.63843,0.047533,-0.03306,0.47319,0.54417,0.41523,0.58044,0.53548
0.65258,0.047775,-0.041236,0.46975,0.52105,0.41451,0.59519,0.53939
0.6667,0.047251,-0.044427,0.46941,0.5085,0.4251,0.59342,0.54179
0.67768,0.045493,-0.041845,0.47065,0.48817,0.42663,0.60144,0.53803
0.70082,0.043762,-0.047065,0.47144,0.47248,0.41633,0.60033,0.52845
0.72374,0.046286,-0.051041,0.46811,0.46823,0.4193,0.59381,0.52351
0.73938,0.050053,-0.049912,0.46566,0.46005,0.40136,0.58945,0.51552
0.75833,0.056219,-0.04804,0.46306,0.45603,0.40663,0.58943,0.5052
0.76611,0.064686,-0.056351,0.4667,0.45099,0.40811,0.59843,0.49956
0.76994,0.069269,-0.052055,0.46113,0.44549,0.40549,0.60419,0.49165
0.76837,0.078212,-0.04764,0.47506,0.44649,0.4279,0.6131,0.48094
0.767,0.084936,-0.04322,0.48254,0.44377,0.42044,0.6267,0.46881
0.76285,0.092817,-0.040801,0.4904,0.44677,0.41982,0.63636,0.45608
0.75461,0.099555,-0.032008,0.49623,0.45074,0.43543,0.64927,0.44786
0.74891,0.10555,-0.027438,0.50735,0.44952,0.42002,0.66827,0.43591
0.7555,0.1059,-0.020985,0.51487,0.4547,0.42868,0.68208,0.42236
0.76691,0.10488,-0.019307,0.51015,0.45382,0.42744,0.67992,0.40918
0.78871,0.10356,-0.0079606,0.51067,0.44747,0.43229,0.68136,0.40284
0.8192,0.10536,-0.01233,0.51532,0.45104,0.45142,0.67376,0.39951
0.84631,0.10276,-0.011807,0.51058,0.44248,0.4393,0.65737,0.39475
0.86973,0.099617,-0.014086,0.52105,0.43532,0.45729,0.64931,0.39017
0.90149,0.099414,-0.014226,0.52026,0.42909,0.45861,0.62834,0.38618
0.92747,0.097876,-0.00074117,0.519,0.41644,0.47095,0.6057,0.38925
0.94302,0.094874,0.012626,0.51674,0.40381,0.49294,0.58112,0.39766
0.94902,0.097892,0.027108,0.51447,0.39261,0.5082,0.55666,0.40492
0.94668,0.10135,0.038197,0.52899,0.37773,0.50775,0.53405,0.4155
0.92764,0.10164,0.049366,0.53703,0.3653,0.50891,0.50467,0.41824
0.91281,0.09958,0.06514,0.54929,0.35106,0.50618,0.48882,0.42181
0.90013,0.097138,0.074204,0.56458,0.34617,0.5373,0.47563,0.42347
0.887,0.095109,0.087273,0.57598,0.33503,0.51687,0.46447,0.42911
0.86645,0.092427,0.088625,0.5909,0.32041,0.54047,0.47989,0.43457
0.85796,0.0884,0.078599,0.61875,0.3088,0.55777,0.4999,0.4332
0.85453,0.082283,0.06764,0.64689,0.29832,0.56373,0.52349,0.42821
0.8526,0.075318,0.056598,0.6623,0.28348,0.54342,0.55149,0.42733
0.85389,0.067135,0.052898,0.67561,0.27489,0.53763,0.57213,0.42453
0.86297,0.058418,0.050985,0.68934,0.26724,0.53061,0.603,0.42127
0.85785,0.052995,0.050699,0.6984,0.25393,0.53225,0.62322,0.41731
0.84997,0.045987,0.051409,0.70408,0.24181,0.4991,0.63905,0.41307
0.83961,0.040257,0.055181,0.70435,0.23246,0.50754,0.64522,0.40537
0.82968,0.032285,0.066762,0.70832,0.21793,0.49447,0.64602,0.39785
0.82001,0.027117,0.077031,0.71252,0.20781,0.4535,0.63822,0.39501
0.80366,0.023025,0.089662,0.71198,0.19289,0.42888,0.62877,0.39471
0.79204,0.017931,0.10696,0.7262,0.1799,0.42497,0.61544,0.39722
0.77489,0.013591,0.12281,0.72825,0.17134,0.41175,0.60706,0.39797
0.75806,0.012755,0.13556,0.73268,0.16325,0.39882,0.58843,0.40412
0.75252,0.010353,0.15633,0.73703,0.15612,0.35983,0.57724,0.40116
0.74304,0.011927,0.17863,0.73631,0.14543,0.34343,0.56859,0.40783
0.73653,0.011332,0.20235,0.73723,0.14165,0.32768,0.56286,0.41615
0.72815,0.01179,0.22872,0.74607,0.14325,0.28758,0.55071,0.42222
0.7177,0.013253,0.25929,0.74879,0.14447,0.28644,0.53771,0.42796
0.71403,0.015501,0.28833,0.7593,0.14959,0.28208,0.52241,0.43062
0.7001,0.015922,0.31,0.77234,0.1527,0.27901,0.51077,0.42916
0.69636,0.019274,0.32825,0.78736,0.15821,0.27341,0.49526,0.43207
0.70236,0.021928,0.34151,0.81404,0.15674,0.25421,0.48971,0.4271
0.70393,0.023801,0.35001,0.83877,0.16326,0.25867,0.47722,0.42956
0.71236,0.023582,0.35182,0.86715,0.17103,0.27729,0.46996,0.42483
0.71684,0.028968,0.3515,0.89455,0.17469,0.26702,0.46424,0.41659
0.73727,0.035883,0.34916,0.91647,0.18075,0.28448,0.45522,0.41273
0.75282,0.047188,0.3372,0.93372,0.18816,0.29643,0.4472,0.40934
0.76296,0.059086,0.32826,0.94253,0.19338,0.30692,0.43849,0.40073
0.77448,0.066871,0.32258,0.94507,0.19756,0.2909,0.42207,0.39162
0.77893,0.072934,0.32066,0.94479,0.19867,0.28995,0.40964,0.37956
0.78124,0.077128,0.32827,0.93747,0.20557,0.29617,0.3954,0.37104
0.78344,0.086882,0.3301,0.92792,0.20524,0.28878,0.38127,0.3641
0.77927,0.093546,0.34089,0.91436,0.20796,0.26553,0.3623,0.35998
0.77914,0.097104,0.34966,0.89563,0.20995,0.26577,0.34679,0.35534
0.77431,0.10142,0.36488,0.87316,0.20956,0.26027,0.33771,0.34987
0.76527,0.10237,0.38442,0.85713,0.20619,0.24532,0.32844,0.34404
0.7538,0.10158,0.39824,0.85069,0.2024,0.22795,0.32799,0.33517
0.74802,0.10594,0.4115,0.84481,0.20481,0.23331,0.3336,0.33321
0.7331,0.11162,0.42239,0.85196,0.20377,0.2301,0.33461,0.33153
0.71195,0.11812,0.42129,0.85805,0.21006,0.24132,0.33525,0.33636
0.68765,0.1207,0.42302,0.87146,0.21135,0.25343,0.34237,0.33573
0.6634,0.12459,0.41648,0.87869,0.21051,0.26521,0.35358,0.33857
0.64524,0.12724,0.40563,0.88723,0.20746,0.25336,0.36919,0.34228
0.61163,0.12762,0.3897,0.8998,0.20519,0.24133,0.38352,0.34431
0.58145,0.12458,0.36801,0.91123,0.20237,0.25014,0.40349,0.34837
0.55245,0.12288,0.3577,0.91167,0.2052,0.26608,0.42528,0.35541
0.52459,0.11993,0.34911,0.90428,0.1999,0.25431,0.45029,0.35662
0.50993,0.11613,0.34145,0.89952,0.19812,0.24223,0.48517,0.36245
0.49251,0.11203,0.33728,0.89265,0.18969,0.23264,0.5196,0.36199
0.47714,0.1083,0.33442,0.8808,0.18447,0.22821,0.55747,0.36305
0.46999,0.10562,0.3405,0.87545,0.17615,0.22339,0.58895,0.35528
0.45032,0.10248,0.34693,0.8659,0.17401,0.2332,0.61887,0.35009
0.43722,0.098179,0.35167,0.85827,0.1695,0.23782,0.64328,0.34267
0.43102,0.097251,0.35596,0.84901,0.16287,0.22852,0.65831,0.3345
0.42014,0.093124,0.35763,0.83997,0.15592,0.21486,0.66539,0.32825
0.4113,0.090148,0.35614,0.83473,0.15081,0.20428,0.67217,0.32038
0.39666,0.086517,0.35523,0.82672,0.14849,0.21252,0.6672,0.31185
0.38632,0.084876,0.36568,0.80614,0.14721,0.21852,0.66357,0.30398
0.37311,0.082506,0.37298,0.78059,0.14807,0.21546,0.65568,0.29575
0.35506,0.080214,0.37807,0.76475,0.15343,0.19801,0.64712,0.29786
0.34694,0.078809,0.38702,0.75492,0.15882,0.20396,0.62714,0.29382
0.34216,0.076496,0.39258,0.72882,0.16262,0.21273,0.60776,0.294
0.33102,0.075382,0.40643,0.69996,0.16822,0.21574,0.5979,0.29012
0.32322,0.07481,0.41881,0.67708,0.17263,0.2046,0.5782,0.28488
0.3069,0.076085,0.43578,0.66671,0.18328,0.21389,0.55061,0.28893
0.29606,0.075394,0.44686,0.64548,0.19559,0.20509,0.5229,0.28736
0.28799,0.075125,0.45026,0.6288,0.20566,0.19568,0.48955,0.28648
0.28039,0.073864,0.45113,0.61941,0.21884,0.17203,0.45176,0.28851
0.27213,0.073242,0.4531,0.60453,0.23398,0.18992,0.41195,0.28922
0.26304,0.072779,0.45542,0.59728,0.24183,0.18818,0.37874,0.29075
0.24913,0.075379,0.46694,0.59416,0.25312,0.17587,0.34932,0.29471
0.24052,0.077231,0.47992,0.59474,0.26089,0.15441,0.31648,0.30058
0.23492,0.076891,0.49059,0.59304,0.2706,0.16541,0.28887,0.3107
0.23404,0.076068,0.48813,0.57948,0.27527,0.17724,0.26523,0.3097
0.23178,0.07332,0.49549,0.5792,0.26934,0.20486,0.2447,0.31387
0.22477,0.07015,0.5062,0.58991,0.27292,0.22218,0.22405,0.31601
0.22131,0.064573,0.51987,0.59379,0.27378,0.24594,0.20702,0.32178
0.21843,0.059578,0.53004,0.60046,0.27731,0.23483,0.19556,0.31822
0.21624,0.054209,0.54095,0.59888,0.28461,0.21534,0.18697,0.31839
0.22134,0.046448,0.53933,0.59942,0.29041,0.20757,0.17758,0.31818
0.21886,0.03892,0.52952,0.60456,0.29963,0.20112,0.17066,0.32
0.21715,0.035168,0.52532,0.60347,0.30486,0.18901,0.17116,0.31991
0.21859,0.028942,0.52917,0.6057,0.31166,0.19459,0.1771,0.32626
0.2196,0.026463,0.53193,0.60043,0.32376,0.17245,0.1946,0.32649
0.21963,0.02206,0.52414,0.59063,0.32369,0.16707,0.20828,0.32666
0.2172,0.023308,0.51411,0.59187,0.32867,0.17857,0.22453,0.3253
0.21671,0.025127,0.50285,0.58079,0.32534,0.17123,0.24056,0.32898
0.21161,0.030459,0.4911,0.56876,0.32166,0.14281,0.24828,0.33161
0.20641,0.036622,0.47331,0.55708,0.3228,0.16018,0.25218,0.33018
0.21193,0.040521,0.46481,0.54341,0.32358,0.16816,0.25987,0.32828
0.21799,0.042131,0.44423,0.53051,0.32348,0.1612,0.26593,0.32948
0.21865,0.045076,0.41985,0.52008,0.32443,0.17899,0.26594,0.32344
0.22615,0.048145,0.39298,0.50809,0.32188,0.18611,0.2644,0.32334
0.23393,0.050631,0.36893,0.49752,0.32806,0.17712,0.27245,0.32704
0.24527,0.049697,0.35225,0.49042,0.33122,0.16148,0.2827,0.32855
0.26024,0.048547,0.33896,0.48882,0.33947,0.15739,0.2999,0.3305
0.27993,0.045784,0.32854,0.48397,0.34505,0.21192,0.32537,0.32868
0.29455,0.04369,0.33053,0.48252,0.35524,0.22085,0.36904,0.33119
0.30287,0.042517,0.33154,0.48291,0.36971,0.238,0.40545,0.33365
0.31483,0.043354,0.33932,0.48839,0.38896,0.25614,0.44361,0.33286
0.32031,0.045361,0.35328,0.49291,0.40545,0.20504,0.48049,0.34028
0.3251,0.047955,0.3624,0.49398,0.4256,0.21143,0.50514,0.34499
0.33196,0.050752,0.38051,0.49749,0.44257,0.20143,0.52843,0.34233
0.33365,0.056956,0.39225,0.49727,0.46154,0.20364,0.54546,0.33696
0.33266,0.060555,0.39732,0.49636,0.47013,0.23218,0.54778,0.33568
0.33024,0.067229,0.40143,0.5023,0.48455,0.21699,0.55054,0.33559
0.32789,0.076988,0.40631,0.49945,0.48576,0.18359,0.53957,0.33461
0.33026,0.089092,0.40954,0.49821,0.48411,0.16777,0.53361,0.3307
0.33065,0.10524,0.40487,0.49587,0.47886,0.16023,0.51827,0.32649
0.33384,0.12019,0.40471,0.48942,0.47743,0.20711,0.5025,0.32176
0.3343,0.13305,0.41123,0.49113,0.48206,0.18521,0.49359,0.31566
0.32627,0.14844,0.4032,0.49013,0.49026,0.18285,0.47499,0.31578
0.32455,0.15977,0.39795,0.47847,0.4916,0.18955,0.46092,0.32079
0.31844,0.1742,0.39886,0.46713,0.50716,0.15239,0.44395,0.31886
0.31211,0.18389,0.39499,0.4551,0.5221,0.17011,0.43144,0.31952
0.30612,0.18935,0.3871,0.45298,0.54718,0.21333,0.41942,0.32008
0.29517,0.19245,0.36827,0.45366,0.57137,0.22749,0.4011,0.32564
0.27921,0.19188,0.35586,0.44321,0.5977,0.24234,0.38513,0.33002
0.26999,0.19283,0.34064,0.43899,0.61832,0.2245,0.36954,0.33037
0.25698,0.19309,0.3186,0.43342,0.62583,0.2339,0.35472,0.33305
0.2499,0.19195,0.30406,0.42604,0.62914,0.26457,0.33975,0.33764
0.24182,0.19225,0.28611,0.42564,0.63104,0.2642,0.32554,0.34227
0.235,0.19017,0.27437,0.42025,0.62687,0.28543,0.31671,0.35496
0.22735,0.18916,0.2596,0.42736,0.61459,0.26323,0.30203,0.36271
0.22464,0.19031,0.25449,0.4289,0.59529,0.22614,0.28868,0.36908
0.2219,0.1894,0.25436,0.41565,0.57653,0.22126,0.28012,0.37593
0.21806,0.18952,0.2537,0.41559,0.55191,0.2161,0.2719,0.38033
0.21865,0.18881,0.25426,0.41259,0.53065,0.21319,0.26542,0.38423
0.21036,0.18771,0.25613,0.4109,0.50849,0.2047,0.25961,0.38965
0.20882,0.19039,0.25903,0.41428,0.48363,0.18457,0.26369,0.38845
0.20295,0.18839,0.26981,0.4076,0.46488,0.15272,0.26444,0.38708
0.19997,0.18439,0.27736,0.41259,0.43849,0.13685,0.27483,0.3788
0.19552,0.18127,0.28739,0.4072,0.41679,0.14177,0.28653,0.3787
0.18977,0.17661,0.29759,0.40303,0.39835,0.1592,0.2984,0.37601
0.1776,0.172,0.3248,0.41448,0.37507,0.16556,0.30537,0.37162
0.1768,0.16067,0.35712,0.41881,0.3564,0.14063,0.3159,0.3704
0.16689,0.14847,0.38257,0.41743,0.33842,0.12527,0.32748,0.37222
0.16788,0.13832,0.41056,0.4146,0.32617,0.13399,0.33406,0.37643
0.16303,0.12279,0.43691,0.40807,0.31379,0.14648,0.34073,0.38341
0.1598,0.11123,0.45473,0.41178,0.30266,0.1411,0.34366,0.39101
0.16008,0.10597,0.47062,0.40978,0.29543,0.14308,0.34417,0.4032
0.16292,0.10315,0.48528,0.40588,0.28811,0.14352,0.34359,0.41263
0.15742,0.10398,0.49299,0.40824,0.28201,0.15294,0.34284,0.42537
0.16347,0.10727,0.48606,0.39624,0.28129,0.13854,0.34898,0.43294
0.16033,0.11939,0.47472,0.39572,0.27849,0.15923,0.35989,0.43926
0.15937,0.13618,0.46143,0.39973,0.27354,0.1614,0.37403,0.4473
0.16293,0.15503,0.44923,0.39844,0.27188,0.16392,0.38974,0.45087
0.16504,0.17532,0.44026,0.40414,0.27271,0.16569,0.40828,0.4566
0.16692,0.19844,0.43367,0.40591,0.27202,0.18241,0.43561,0.46132
0.16797,0.21882,0.4317,0.40771,0.27594,0.19607,0.45621,0.4618
0.16592,0.23791,0.42925,0.407,0.28229,0.21163,0.48233,0.46364
0.1675,0.25917,0.43341,0.40296,0.28519,0.21982,0.49836,0.46435
0.16256,0.2793,0.43913,0.39845,0.2871,0.22585,0.51793,0.462
0.16056,0.29764,0.44191,0.39475,0.29183,0.22589,0.53383,0.46059
0.15834,0.31064,0.44699,0.39512,0.29873,0.23856,0.54644,0.4558
0.15469,0.32139,0.45794,0.3942,0.30233,0.22201,0.56401,0.4539
0.14922,0.33267,0.46533,0.38895,0.30767,0.19964,0.58315,0.4483
0.15028,0.34264,0.47643,0.38232,0.3147,0.19145,0.5931,0.43686
0.14313,0.35132,0.48168,0.38358,0.31992,0.20288,0.60943,0.43273
0.13746,0.36196,0.49071,0.38843,0.32306,0.19298,0.62251,0.42787
0.13552,0.36844,0.49134,0.38851,0.32339,0.15956,0.64902,0.41787
0.13445,0.37153,0.4952,0.40143,0.32453,0.14709,0.66958,0.4112
0.13267,0.3751,0.49805,0.41068,0.32103,0.15977,0.69421,0.40674
0.13347,0.3789,0.49588,0.41252,0.31472,0.17181,0.72082,0.40415
0.13105,0.38191,0.48026,0.41608,0.30984,0.18581,0.74076,0.40111
0.12685,0.38309,0.4723,0.42286,0.29981,0.20249,0.74592,0.39931
0.12521,0.3812,0.45449,0.42745,0.28585,0.2121,0.7607,0.40047
0.12809,0.37705,0.44575,0.42761,0.27006,0.18307,0.76964,0.39796
0.13003,0.36153,0.43932,0.42087,0.2539,0.1786,0.77472,0.39415
0.13122,0.34438,0.43107,0.42725,0.24089,0.19237,0.7789,0.40154
0.12979,0.32325,0.41823,0.42381,0.22858,0.17213,0.77883,0.40551
0.1344,0.29768,0.41039,0.41655,0.21725,0.15274,0.77532,0.40264
0.13586,0.27049,0.40455,0.41936,0.20927,0.14771,0.76441,0.39964
0.13408,0.24465,0.4081,0.42076,0.19968,0.16011,0.7613,0.39369
0.13845,0.21701,0.40079,0.41821,0.19634,0.13062,0.76286,0.38602
0.13606,0.19025,0.40023,0.42517,0.19101,0.12446,0.76719,0.38082
0.13588,0.1639,0.3947,0.42974,0.18761,0.14167,0.77992,0.36938
0.13039,0.14402,0.39256,0.43117,0.18601,0.14766,0.79026,0.36364
0.13112,0.12285,0.39353,0.43518,0.18385,0.1681,0.79955,0.35047
0.13545,0.10863,0.39137,0.44066,0.17966,0.21575,0.8206,0.34454
0.13104,0.095768,0.39471,0.44655,0.18355,0.21936,0.84655,0.34296
0.1311,0.081132,0.39509,0.44642,0.18822,0.18763,0.87214,0.34266
0.12982,0.062632,0.38854,0.45495,0.1923,0.19099,0.89378,0.34029
0.13017,0.048759,0.38969,0.46989,0.19272,0.21764,0.92022,0.34218
0.12829,0.03296,0.38525,0.47512,0.1986,0.24134,0.93378,0.34146
0.1288,0.017074,0.37374,0.48663,0.20287,0.25993,0.9441,0.35101
0.13046,0.0039271,0.35709,0.50204,0.20624,0.22953,0.95722,0.34817
0.13431,-0.0094816,0.34757,0.50692,0.2173,0.19955,0.95548,0.35196
0.12916,-0.021834,0.33708,0.5162,0.23253,0.17646,0.94676,0.34923
0.13173,-0.031737,0.31242,0.52026,0.23899,0.16449,0.91842,0.34835
0.12892,-0.038633,0.30147,0.53076,0.24364,0.16534,0.89453,0.34774
0.13246,-0.044167,0.29386,0.529,0.25531,0.1452,0.86674,0.34618
0.13415,-0.047029,0.28985,0.52284,0.2687,0.11582,0.83314,0.3508
0.13191,-0.047615,0.2908,0.51856,0.27931,0.1141,0.80433,0.35735
0.13028,-0.043172,0.29623,0.50451,0.29122,0.10383,0.77083,0.3595
0.1349,-0.04122,0.30262,0.4996,0.30212,0.14129,0.73243,0.37494
0.12401,-0.035912,0.30752,0.49444,0.31065,0.15608,0.7014,0.38739
0.12873,-0.033547,0.31967,0.48533,0.31571,0.147,0.66313,0.40815
0.12619,-0.032624,0.34185,0.48188,0.31805,0.17915,0.63799,0.43507
0.1294,-0.030529,0.36062,0.4717,0.32348,0.21815,0.60621,0.45919
0.12916,-0.02561,0.37753,0.46294,0.32046,0.22745,0.57711,0.4863
0.12725,-0.025319,0.38317,0.45772,0.31368,0.23225,0.5445,0.50695
0.13136,-0.023197,0.38793,0.45264,0.30779,0.20444,0.50547,0.52392
0.13176,-0.022146,0.39173,0.45719,0.30133,0.2069,0.47088,0.54138
0.1309,-0.023266,0.38815,0.44877,0.29902,0.19415,0.44177,0.55429
0.13711,-0.025874,0.38556,0.44537,0.2951,0.19246,0.41708,0.56395
0.13493,-0.024242,0.37543,0.43953,0.29158,0.1863,0.39182,0.57164
0.13929,-0.02442,0.36525,0.43983,0.2925,0.17709,0.36796,0.57579
0.14065,-0.024507,0.34716,0.43404,0.29113,0.15267,0.34851,0.57346
0.13956,-0.023274,0.33085,0.43244,0.28979,0.13947,0.33833,0.57538
0.14328,-0.020189,0.31779,0.43165,0.29281,0.16261,0.33649,0.56751
0.14669,-0.01746,0.30212,0.42461,0.29944,0.17269,0.34997,0.56449
0.14676,-0.014219,0.28355,0.41742,0.30823,0.17251,0.36326,0.54972
0.14267,-0.008866,0.26745,0.4216,0.30993,0.16577,0.38808,0.53461
0.13825,-0.0018226,0.24218,0.41635,0.3162,0.14956,0.39997,0.51988
0.14063,0.0064686,0.22253,0.41589,0.31406,0.16489,0.42237,0.50782
0.13736,0.018602,0.19713,0.40929,0.314,0.13599,0.45007,0.48557
0.13645,0.03066,0.17721,0.40923,0.31204,0.1229,0.47967,0.47387
0.13428,0.04487,0.15918,0.41483,0.30668,0.13031,0.50335,0.45619
0.13333,0.054673,0.13837,0.41063,0.30339,0.12367,0.52616,0.4454
0.13024,0.066694,0.11915,0.41913,0.29653,0.14663,0.53661,0.42858
0.12777,0.080558,0.10187,0.43315,0.29415,0.13287,0.54355,0.42784
0.13375,0.097675,0.08794,0.43667,0.29578,0.14776,0.54368,0.42571
0.13479,0.11606,0.076974,0.44955,0.29585,0.15386,0.55261,0.42964
0.13584,0.12911,0.058664,0.45674,0.29815,0.15199,0.56909,0.42681
0.1288,0.14155,0.05084,0.47349,0.29758,0.17163,0.5867,0.43346
0.12639,0.1536,0.04892,0.48712,0.30153,0.17922,0.60388,0.44131
0.12389,0.15961,0.03625,0.49811,0.30854,0.16657,0.61956,0.44677
0.11877,0.17059,0.026265,0.52334,0.31291,0.16144,0.63887,0.4508
0.11914,0.18011,0.017465,0.54506,0.31739,0.14779,0.66421,0.45603
0.1252,0.18477,0.012581,0.55849,0.3235,0.15046,0.69354,0.4532
0.12434,0.1879,0.010069,0.5806,0.32923,0.12866,0.71507,0.45504
0.13352,0.18878,0.0032074,0.59958,0.32915,0.143,0.74089,0.45019
0.1309,0.19087,-0.0045515,0.6232,0.328,0.1154,0.74818,0.44417
0.14126,0.19364,-0.015679,0.6388,0.3261,0.10775,0.75193,0.43733
0.14447,0.19824,-0.036927,0.66406,0.32046,0.10494,0.7505,0.42106
0.14684,0.20599,-0.044816,0.6904,0.32092,0.1348,0.7483,0.41356
0.14768,0.21176,-0.049696,0.71226,0.32306,0.13911,0.74078,0.40762
0.14672,0.21981,-0.053934,0.72624,0.32357,0.1263,0.73483,0.40399
0.14351,0.23273,-0.063183,0.74269,0.31499,0.11031,0.72593,0.40163
0.13899,0.24673,-0.079226,0.75259,0.30923,0.11128,0.71935,0.39232
0.13029,0.2619,-0.084429,0.7579,0.30272,0.081139,0.71372,0.38496
0.12597,0.27849,-0.082882,0.76232,0.30568,0.10981,0.71525,0.38151
0.12126,0.29399,-0.08159,0.75671,0.30811,0.10205,0.72037,0.37669
0.11818,0.30751,-0.074248,0.74894,0.31306,0.1079,0.72882,0.3718
0.11802,0.32414,-0.07526,0.73293,0.31067,0.082083,0.73897,0.36691
0.12154,0.34181,-0.068166,0.70913,0.30843,0.084495,0.75563,0.36304
0.11797,0.3553,-0.063396,0.69193,0.30026,0.099995,0.76828,0.35955
0.11428,0.36138,-0.052534,0.6663,0.29311,0.11911,0.78093,0.35612
0.11689,0.36737,-0.033854,0.64325,0.28444,0.14951,0.79642,0.35464
0.12039,0.36533,-0.016986,0.6194,0.28292,0.17315,0.81015,0.35166
0.12207,0.36248,0.0050561,0.60185,0.27586,0.17346,0.81861,0.34893
0.12001,0.35693,0.022538,0.58638,0.27008,0.1921,0.82411,0.34412
0.11699,0.35094,0.043661,0.56268,0.25661,0.20167,0.82016,0.34557
0.12064,0.33755,0.06301,0.55572,0.25402,0.20329,0.82001,0.34155
0.12058,0.32144,0.078337,0.54888,0.24585,0.20434,0.80413,0.34066
0.1195,0.30355,0.099406,0.53877,0.24201,0.18727,0.78693,0.33761
0.12122,0.28583,0.11908,0.53278,0.24368,0.1943,0.76903,0.33724
0.11827,0.2675,0.13765,0.53548,0.24526,0.16205,0.74666,0.3354
0.11673,0.25679,0.15358,0.54188,0.24542,0.14992,0.72214,0.33434
0.11707,0.24743,0.16489,0.53983,0.24526,0.15333,0.70454,0.33138
0.1242,0.23723,0.18345,0.53488,0.24559,0.15042,0.67806,0.33293
0.13085,0.23043,0.19719,0.54271,0.25369,0.14245,0.66184,0.3333
0.13227,0.22637,0.21531,0.53384,0.2536,0.16486,0.63564,0.33193
0.13857,0.2255,0.23621,0.53193,0.25587,0.16088,0.62149,0.33281
0.14947,0.2268,0.24888,0.53452,0.25739,0.18984,0.6123,0.33718
0.15224,0.23008,0.26726,0.53218,0.25969,0.16458,0.60097,0.33571
0.16236,0.23064,0.27962,0.52479,0.25809,0.17276,0.58529,0.33859
0.16933,0.2306,0.28547,0.52336,0.24745,0.1931,0.58227,0.34242
0.17564,0.23185,0.29623,0.51886,0.24489,0.20244,0.57148,0.34362
0.17797,0.23728,0.2963,0.53324,0.24067,0.21269,0.57365,0.34094
0.18248,0.2419,0.29011,0.53859,0.23304,0.20113,0.56607,0.33738
0.18317,0.24623,0.2808,0.54186,0.22813,0.18824,0.5691,0.33952
0.18244,0.24964,0.26934,0.54041,0.22323,0.17479,0.5672,0.33794
0.17681,0.25323,0.26507,0.53661,0.21763,0.15667,0.55446,0.3323
0.1769,0.25884,0.24576,0.54777,0.20952,0.17335,0.54748,0.32844
0.17384,0.26735,0.23445,0.55744,0.20048,0.17053,0.54559,0.33289
0.17716,0.27443,0.23313,0.55984,0.19451,0.18373,0.53252,0.32714
0.18032,0.27766,0.23207,0.5629,0.18399,0.16741,0.51871,0.32527
0.18029,0.27813,0.22898,0.5591,0.17913,0.15175,0.50458,0.32554
0.17675,0.27469,0.24278,0.55665,0.17212,0.18254,0.49502,0.32821
0.17483,0.27073,0.26165,0.56322,0.16569,0.18808,0.48123,0.32481
0.17374,0.26322,0.27473,0.56004,0.16524,0.20413,0.46633,0.32363
0.17442,0.2533,0.28785,0.55696,0.16192,0.2044,0.46095,0.32353
0.17216,0.23922,0.30491,0.54872,0.15934,0.20268,0.45045,0.32377
0.17538,0.22287,0.31693,0.53485,0.161,0.20866,0.43715,0.31412
0.169,0.20348,0.32676,0.52112,0.1657,0.20102,0.42055,0.31352
0.16726,0.19011,0.32661,0.50918,0.17012,0.22277,0.41514,0.31303
0.16178,0.17302,0.34102,0.49995,0.17307,0.20197,0.39981,0.311
0.1589,0.15747,0.34081,0.48307,0.17869,0.20141,0.38938,0.30582
0.15894,0.1395,0.33901,0.46735,0.18308,0.20122,0.37521,0.30243
0.14899,0.12415,0.34486,0.46162,0.18573,0.21364,0.36722,0.29376
0.14951,0.11013,0.35047,0.46191,0.19262,0.21958,0.36084,0.28783
0.14817,0.10109,0.3525,0.45164,0.19338,0.20727,0.34765,0.28511
0.1374,0.089748,0.35762,0.4453,0.19988,0.17974,0.34441,0.27881
0.13594,0.085662,0.36045,0.44079,0.20751,0.16026,0.33825,0.27587
0.12552,0.076313,0.37558,0.44007,0.21467,0.11133,0.33762,0.2712
0.12579,0.068352,0.38201,0.43891,0.22321,0.12296,0.33076,0.26531
0.12269,0.061934,0.38387,0.43923,0.23364,0.12007,0.32486,0.25956
0.12065,0.057223,0.39501,0.43754,0.24638,0.10948,0.31946,0.25958
0.12447,0.05402,0.39787,0.43294,0.25893,0.091101,0.30949,0.25957
0.12449,0.048296,0.40037,0.42843,0.27,0.070446,0.30719,0.25734
0.12907,0.042163,0.41338,0.43319,0.28578,0.063634,0.31097,0.25174
0.1309,0.039596,0.41406,0.43064,0.29165,0.083099,0.3115,0.25268
0.12975,0.030097,0.41153,0.43199,0.29736,0.067853,0.3195,0.24711
0.13764,0.021945,0.40313,0.43568,0.30091,0.077903,0.31616,0.24192
0.14167,0.019015,0.38966,0.43449,0.30084,0.078923,0.31185,0.24218
0.15082,0.01607,0.38722,0.43782,0.29253,0.04335,0.31615,0.24148
0.15241,0.014605,0.38098,0.44196,0.28607,0.016842,0.31733,0.24012
0.1582,0.011097,0.37225,0.43965,0.27545,0.0085483,0.32105,0.24083
0.15823,0.010633,0.36533,0.43934,0.26827,0.012856,0.30853,0.237
0.15937,0.010828,0.3535,0.43706,0.25602,0.024296,0.29032,0.23717
0.16493,0.01379,0.35096,0.4411,0.24909,0.01173,0.27468,0.23564
0.16498,0.020466,0.36049,0.44069,0.23998,0.018163,0.25665,0.23916
0.16769,0.034108,0.36969,0.43202,0.22877,0.032951,0.23587,0.24691
0.1701,0.046773,0.39455,0.42471,0.21472,0.024551,0.22285,0.24788
0.1625,0.058467,0.41126,0.41874,0.21498,0.026403,0.20242,0.2531
0.1627,0.069993,0.42722,0.40661,0.20872,0.026616,0.19023,0.25867
0.16002,0.08383,0.44928,0.40568,0.20784,0.025276,0.17578,0.26268
0.15868,0.10133,0.46894,0.40067,0.20588,0.02024,0.17056,0.27597
0.15121,0.11533,0.4883,0.3895,0.20789,0.018421,0.1717,0.28476
0.14971,0.12838,0.50591,0.38176,0.20913,0.018391,0.16683,0.29073
0.15049,0.14102,0.51419,0.37286,0.21029,0.03167,0.16587,0.29695
0.14991,0.14485,0.5205,0.3734,0.21504,0.036792,0.16571,0.29939
0.13927,0.14719,0.51856,0.37144,0.2249,0.067339,0.16546,0.30447
0.13857,0.1517,0.51287,0.37103,0.22501,0.091082,0.17023,0.30529
0.13003,0.16118,0.50001,0.3792,0.23132,0.12478,0.16783,0.30327
0.12628,0.16913,0.48231,0.37914,0.23217,0.13526,0.16931,0.30664
0.1273,0.17425,0.46149,0.37625,0.23391,0.13096,0.16509,0.31072
0.13309,0.18086,0.43754,0.38388,0.23304,0.12208,0.16808,0.31476
0.13252,0.187,0.41318,0.39132,0.23162,0.12903,0.16952,0.32415
0.12947,0.1959,0.38306,0.39653,0.23137,0.12467,0.16888,0.33059
0.12585,0.20996,0.34982,0.39878,0.23469,0.11345,0.1696,0.33506
0.12624,0.22485,0.31414,0.40157,0.23145,0.079633,0.17334,0.34151
0.12957,0.23664,0.287,0.40088,0.22941,0.067096,0.16936,0.34929
0.13615,0.2458,0.25674,0.38974,0.22221,0.067898,0.16069,0.35876
0.13894,0.25492,0.23451,0.39196,0.22031,0.053562,0.15382,0.36717
0.13373,0.26351,0.2158,0.39111,0.21955,0.051905,0.14876,0.37094
0.12846,0.27597,0.20579,0.39342,0.22199,0.045551,0.13686,0.37636
0.1256,0.28657,0.19856,0.391,0.22563,0.041532,0.12901,0.37535
0.1285,0.29573,0.20094,0.39126,0.22413,0.015921,0.11981,0.38003
0.12428,0.30589,0.2089,0.385,0.22151,0.012386,0.10442,0.38008
0.1321,0.31723,0.21795,0.38101,0.22316,0.0096189,0.085822,0.38269
0.13423,0.32758,0.23014,0.37557,0.22262,-0.0098579,0.067293,0.39098
0.1368,0.33541,0.25074,0.37972,0.22309,-0.038326,0.055962,0.39261
0.13947,0.33989,0.26956,0.37765,0.21522,-0.030641,0.04672,0.39176
0.15155,0.34343,0.29038,0.38359,0.20629,-0.020888,0.036088,0.39254
0.15377,0.34332,0.29969,0.37869,0.19508,-0.0019957,0.024565,0.39729
0.15723,0.34047,0.30902,0.37963,0.18421,-0.011511,0.014157,0.40544
0.15634,0.33407,0.32545,0.38439,0.17349,-0.025273,0.0031,0.40797
0.16148,0.32067,0.33369,0.38986,0.16219,-0.028157,-0.0018956,0.41838
0.1623,0.30708,0.34496,0.3944,0.15494,-0.009643,-0.00023661,0.42732
0.15841,0.29678,0.35465,0.40431,0.15169,-0.0016039,0.0080523,0.4249
0.15945,0.28215,0.36092,0.40664,0.1468,0.019174,0.014014,0.42493
0.16335,0.27267,0.36593,0.41529,0.14187,0.018902,0.01024,0.42555
0.15888,0.26061,0.36874,0.4081,0.13921,0.018028,0.006182,0.42421
0.16152,0.24732,0.37772,0.41124,0.13648,0.0049027,0.007857,0.41474
0.15991,0.2379,0.38581,0.40919,0.12846,0.028834,0.0073488,0.40464
0.16175,0.22771,0.38581,0.40701,0.12759,0.059482,0.004617,0.39093
0.1629,0.22357,0.38398,0.41083,0.12595,0.05932,0.00018919,0.37601
0.15581,0.21867,0.38634,0.41645,0.11996,0.042127,-0.0065089,0.35846
0.1633,0.21096,0.39399,0.41145,0.11415,0.057863,-0.015414,0.34217
0.15967,0.20814,0.39705,0.41594,0.10857,0.043639,-0.027799,0.33068
0.15085,0.20586,0.39798,0.41133,0.10425,0.036118,-0.036685,0.31759
0.14576,0.20806,0.39798,0.41594,0.10071,0.038335,-0.040109,0.30259
0.14059,0.212,0.39617,0.41663,0.097835,0.062297,-0.04613,0.2945
0.13789,0.21709,0.39167,0.4179,0.099321,0.062564,-0.054329,0.28361
0.13585,0.22855,0.38915,0.42699,0.093131,0.073086,-0.054682,0.27196
0.12812,0.23304,0.39127,0.42912,0.087174,0.077094,-0.056707,0.26304
0.12415,0.23999,0.37956,0.42765,0.083664,0.10674,-0.066294,0.25325
0.11348,0.25215,0.3631,0.43446,0.077056,0.11732,-0.073235,0.24734
0.10977,0.26544,0.3566,0.43256,0.072392,0.12396,-0.08292,0.23837
0.10569,0.27645,0.35084,0.43735,0.068508,0.14289,-0.082674,0.22835
0.10245,0.28373,0.34633,0.44379,0.062701,0.14239,-0.092383,0.22314
0.096579,0.29127,0.34675,0.44565,0.059516,0.14486,-0.09963,0.21168
0.095304,0.29342,0.35516,0.45018,0.052849,0.13852,-0.10256,0.20161
0.093043,0.2922,0.35264,0.44521,0.048375,0.13456,-0.11038,0.19411
0.089964,0.29673,0.36147,0.44009,0.044499,0.1582,-0.11443,0.18964
0.090528,0.30304,0.37197,0.43854,0.041176,0.14414,-0.10698,0.18581
0.091778,0.30064,0.38366,0.4428,0.041317,0.16063,-0.11374,0.18189
0.092295,0.29391,0.38813,0.4407,0.041729,0.17202,-0.11517,0.17883
0.093235,0.28756,0.39374,0.43577,0.040123,0.1652,-0.12259,0.1789
0.092966,0.28554,0.39799,0.43115,0.039293,0.17522,-0.12014,0.17543
0.096711,0.27749,0.39709,0.42803,0.036849,0.1799,-0.12261,0.17672
0.093445,0.27121,0.3927,0.41941,0.039994,0.19428,-0.12467,0.17761
0.089978,0.26206,0.3975,0.41156,0.047222,0.20907,-0.12557,0.18116
0.098568,0.24843,0.38457,0.41447,0.055131,0.21277,-0.12428,0.17749
0.099514,0.2288,0.37751,0.40902,0.062614,0.22792,-0.13139,0.18
0.10081,0.21147,0.36197,0.40113,0.070627,0.22,-0.13049,0.18063
0.10445,0.19649,0.3519,0.40619,0.075443,0.20689,-0.1239,0.17993
0.10787,0.17457,0.33964,0.41017,0.086056,0.22731,-0.11882,0.17909
0.10988,0.15382,0.31882,0.41397,0.096615,0.23282,-0.12029,0.17831
0.11485,0.13782,0.30263,0.40853,0.10914,0.22712,-0.11252,0.17527
0.11862,0.1217,0.28352,0.41147,0.11441,0.22037,-0.11045,0.17404
0.12711,0.10692,0.25693,0.41613,0.12073,0.21102,-0.10387,0.17424
0.12859,0.094412,0.23799,0.41234,0.12165,0.19516,-0.10036,0.17601
0.13153,0.087676,0.21132,0.41989,0.12447,0.16878,-0.096353,0.17153
0.13414,0.085036,0.19492,0.41884,0.12381,0.17096,-0.087572,0.17186
0.13136,0.081842,0.1783,0.41892,0.12711,0.16979,-0.081546,0.16997
0.13829,0.089042,0.15871,0.4163,0.1269,0.14985,-0.073193,0.16636
0.14381,0.092675,0.14351,0.41514,0.12624,0.14917,-0.063762,0.16668
0.14321,0.098231,0.12479,0.4209,0.12731,0.13632,-0.067964,0.16542
0.15141,0.10508,0.11029,0.42342,0.12558,0.13955,-0.06425,0.16697
0.15476,0.11863,0.093493,0.42423,0.12604,0.11353,-0.067174,0.1659
0.15442,0.13279,0.085638,0.42728,0.12966,0.10977,-0.06479,0.16429
0.16023,0.13981,0.081062,0.42899,0.12783,0.1176,-0.055499,0.16321
0.16402,0.14521,0.077823,0.4293,0.12758,0.099026,-0.05462,0.15886
0.17236,0.15502,0.076617,0.4277,0.12545,0.11239,-0.052244,0.15742
0.16864,0.16045,0.078533,0.42868,0.12441,0.097006,-0.054939,0.15548
0.16802,0.16546,0.084663,0.42924,0.12126,0.10504,-0.0549,0.15265
0.1729,0.17063,0.09612,0.42746,0.11458,0.093002,-0.054721,0.15128
0.1763,0.17611,0.10438,0.42845,0.116,0.059261,-0.05499,0.15318
0.17263,0.17853,0.11945,0.42855,0.10733,0.067645,-0.054918,0.1548
0.17529,0.1784,0.12899,0.43548,0.098524,0.08626,-0.056975,0.15723
0.17167,0.18054,0.14657,0.43125,0.09186,0.080716,-0.068975,0.15909
0.17167,0.18361,0.16173,0.43294,0.08525,0.086594,-0.07039,0.16034
0.1691,0.18017,0.17352,0.43063,0.080055,0.085103,-0.075173,0.16333
0.16879,0.17576,0.18725,0.42555,0.077384,0.094013,-0.078,0.17017
0.1718,0.17134,0.19779,0.42316,0.076126,0.07801,-0.079714,0.16959
0.17252,0.16286,0.20446,0.42962,0.072776,0.077502,-0.067575,0.1703
0.16712,0.15252,0.21147,0.42572,0.067043,0.097564,-0.055595,0.16761
0.16671,0.13764,0.2159,0.41743,0.067164,0.095018,-0.036883,0.16638
0.16514,0.12469,0.21625,0.40865,0.071474,0.081138,-0.016808,0.16486
0.16615,0.11208,0.21834,0.40231,0.075791,0.064003,0.021693,0.16567
0.16007,0.098347,0.21272,0.39675,0.080645,0.044033,0.044219,0.16882
0.15972,0.085102,0.20618,0.39525,0.082606,0.032105,0.074868,0.17157
0.1585,0.073637,0.20204,0.39447,0.081872,0.027308,0.10071,0.17099
0.15113,0.063384,0.19669,0.39372,0.081701,0.025636,0.1324,0.17365
0.14095,0.05967,0.18687,0.38416,0.084167,0.053533,0.15566,0.17576
0.13559,0.056795,0.18265,0.38208,0.089261,0.044149,0.17393,0.17616
0.13602,0.057565,0.18713,0.38381,0.093381,0.042113,0.17803,0.17539
0.1348,0.057802,0.20004,0.38168,0.097027,0.036791,0.18404,0.17393
0.13709,0.056375,0.20576,0.38753,0.10377,0.056682,0.16902,0.1728
0.13927,0.054996,0.21395,0.39052,0.10386,0.048002,0.16664,0.17336
0.13736,0.053496,0.22048,0.39031,0.10945,0.037516,0.148,0.17089
0.1372,0.050413,0.22355,0.39183,0.11146,0.030362,0.13519,0.1668
0.14166,0.046332,0.23064,0.39073,0.11291,0.0026158,0.11978,0.16266
0.14768,0.039427,0.23467,0.38912,0.11048,-0.010779,0.098427,0.16254
0.15311,0.029948,0.22346,0.38804,0.1097,-0.027543,0.076408,0.16083
0.15468,0.023694,0.20918,0.39043,0.10764,-0.037112,0.064659,0.15756
0.15662,0.013351,0.18412,0.39314,0.10651,-0.039834,0.040254,0.15595
0.15515,0.0048501,0.16171,0.38475,0.10083,-0.059821,0.02627,0.15261
0.15724,-0.0032699,0.13273,0.38561,0.10147,-0.060059,0.0042167,0.14782
0.15718,-0.011136,0.10865,0.38776,0.097181,-0.049978,-0.0073527,0.14394
0.15587,-0.017671,0.087596,0.3853,0.093158,-0.033921,-0.021295,0.14575
0.15791,-0.023636,0.067128,0.38449,0.093588,-0.03999,-0.042516,0.14915
0.15702,-0.031746,0.05556,0.39075,0.09296,-0.05357,-0.058349,0.14684
0.15342,-0.04027,0.045673,0.39313,0.093712,-0.027013,-0.078878,0.14705
0.14962,-0.047305,0.038378,0.3995,0.086544,-0.016283,-0.094703,0.15153
0.14645,-0.056082,0.055128,0.3993,0.075198,-0.022152,-0.10626,0.15977
0.13831,-0.065185,0.062626,0.42313,0.067228,0.012248,-0.12308,0.14686
